slot,proposer_index,node_address,mev_fee_recipients,fee_recipient
5215381,465133,0x46f543ab65DA23B4C61436DB11e05676ACF6b206,,0xf573d99385C05c23B24ed33De616ad16a43a0919
5219329,449981,0x68d3081e20321c2386d038B688b045093f647e87,,0xf573d99385C05c23B24ed33De616ad16a43a0919
5224424,405593,0x46f543ab65DA23B4C61436DB11e05676ACF6b206,,0xf573d99385C05c23B24ed33De616ad16a43a0919
5225720,422796,0x02523F5c440f09ae533600CfC0999ce30df2a523,,0xf573d99385C05c23B24ed33De616ad16a43a0919
5228170,260563,0x996D774e75955DF92d56a0aA148AAF76bd3C7ADf,,0xf573d99385C05c23B24ed33De616ad16a43a0919
5228735,411470,0xc992a9F75Fc162B91a481EEf9aeC47465218C91A,,0xf573d99385C05c23B24ed33De616ad16a43a0919
5237477,296880,0x5945459c5201e21Ff409C9608600D0c0d5f91635,,0x33894ea0C25295cB48068019d999A9E190540BF7
5238499,435227,0xCde1fe0664Cad959106c6e562bf3F3625cbd5b44,,0xf573d99385C05c23B24ed33De616ad16a43a0919
5238695,399082,0x2b6fCa9AD7EBd5408dB009f0DF087Ffd934cF98e,,0xf573d99385C05c23B24ed33De616ad16a43a0919
5243027,474791,0xcf893845C90Ede75106Bbcd402EFC792F6C5b4BF,,0xf573d99385C05c23B24ed33De616ad16a43a0919
5244540,292266,0x8630eE161EF00dE8E70F19Bf5fE5a06046898990,,0x0000000000000000000000000000000000000000
5245452,265934,0x5d8172792a9e649053c07366E3a7C24a37F0C534,,0x0000000000000000000000000000000000000000
5246827,412451,0xDb7C387Aa3750C33aC17e388D1471aFe6b1964a6,,0xf573d99385C05c23B24ed33De616ad16a43a0919
5247171,344589,0x47179647c0671567625fECd7F6c107A74Cf3E788,,0xae78736Cd615f374D3085123A210448E74Fc6393
5248441,267523,0x8d6B5AA8755FbD93dd02c1Fbebd7A5C4cB3c7E8C,,0xf573d99385C05c23B24ed33De616ad16a43a0919
5249938,441827,0xc992a9F75Fc162B91a481EEf9aeC47465218C91A,,0xf573d99385C05c23B24ed33De616ad16a43a0919
5252845,313348,0x9e43d1a488a2b3E0d5Bf8e0f4201b057f5Bb4391,,0x690B9A9E9aa1C9dB991C7721a92d351Db4FaC990
5257511,344589,0x47179647c0671567625fECd7F6c107A74Cf3E788,,0xae78736Cd615f374D3085123A210448E74Fc6393
5258101,415808,0x751683968FD078341C48B90bC657d6bAbc2339F7,,0xf573d99385C05c23B24ed33De616ad16a43a0919
5264891,260898,0x78a47e8041f0F34b52dDfD55ed0d4Fc8c0435995,,0xf573d99385C05c23B24ed33De616ad16a43a0919
5273971,268561,0x75224e800636c3D397bADb4D7c544e09aDDd8E0A,,0xf573d99385C05c23B24ed33De616ad16a43a0919
5276501,261372,0x78a47e8041f0F34b52dDfD55ed0d4Fc8c0435995,,0xf573d99385C05c23B24ed33De616ad16a43a0919
5280794,418453,0xDF1aa393D35EdB09E48D5d8f7dbdF82f9e3684ef,,0xf573d99385C05c23B24ed33De616ad16a43a0919
5280909,263516,0x751683968FD078341C48B90bC657d6bAbc2339F7,,0xf573d99385C05c23B24ed33De616ad16a43a0919
5281329,441827,0xc992a9F75Fc162B91a481EEf9aeC47465218C91A,,0xf573d99385C05c23B24ed33De616ad16a43a0919
5282988,429405,0xd3C7c34E80bee3977B0b60c835a29e0DC14F4b7d,,0x690B9A9E9aa1C9dB991C7721a92d351Db4FaC990
5289599,263521,0x751683968FD078341C48B90bC657d6bAbc2339F7,,0xf573d99385C05c23B24ed33De616ad16a43a0919
5290012,393342,0xd1892d3B28BB175eA4BCeCc85a1Aa364cE57E1CA,,0xf573d99385C05c23B24ed33De616ad16a43a0919
5293373,416914,0x78ae61c6E2919231CDF0B69C6d8b70119Fe82539,,0xf573d99385C05c23B24ed33De616ad16a43a0919
5295813,262313,0xdd3F37bc351aBb08ECCc1b225610F770eB621a24,,0xf573d99385C05c23B24ed33De616ad16a43a0919
5296222,261265,0xaEc3cbeA266D12911630ce5DFB58975F8B9d43Fc,,0xf573d99385C05c23B24ed33De616ad16a43a0919
5297907,425956,0x47179647c0671567625fECd7F6c107A74Cf3E788,,0xae78736Cd615f374D3085123A210448E74Fc6393
5303800,479038,0x9e43d1a488a2b3E0d5Bf8e0f4201b057f5Bb4391,,0x690B9A9E9aa1C9dB991C7721a92d351Db4FaC990
5312195,456278,0x2a3CA72F535F7B65c35006f8a6F2628Ff655bcCd,,0xf573d99385C05c23B24ed33De616ad16a43a0919
5315910,485967,0xb15874BDCBa04d873cBf79bD8F12606e9A5Ca079,,0xf573d99385C05c23B24ed33De616ad16a43a0919
5317013,263695,0x78a47e8041f0F34b52dDfD55ed0d4Fc8c0435995,,0xf573d99385C05c23B24ed33De616ad16a43a0919
5317277,485932,0xB50bDA9cd9083613fC2fF4E4aeD0687c0FF64015,,0xf573d99385C05c23B24ed33De616ad16a43a0919
5317791,416914,0x78ae61c6E2919231CDF0B69C6d8b70119Fe82539,,0xf573d99385C05c23B24ed33De616ad16a43a0919
5329089,392978,0x8B2Efc253ece18e2d51d68771a085C14DDa26a5a,,0xf573d99385C05c23B24ed33De616ad16a43a0919
5330145,449985,0x68d3081e20321c2386d038B688b045093f647e87,,0xf573d99385C05c23B24ed33De616ad16a43a0919
5330820,260563,0x996D774e75955DF92d56a0aA148AAF76bd3C7ADf,,0xf573d99385C05c23B24ed33De616ad16a43a0919
5335641,257534,0x3B31986844327B1f14F694064FC3f299E4066417,,0xf573d99385C05c23B24ed33De616ad16a43a0919
5339308,263912,0xbfaf9BFa09F26EF8104A6d5FF09afdCC9300E5bc,,0x690B9A9E9aa1C9dB991C7721a92d351Db4FaC990
5343022,393142,0x0cFD4d7a65daD4034f23FD6c8A75db0661d89416,,0xf573d99385C05c23B24ed33De616ad16a43a0919
5346354,399083,0x2b6fCa9AD7EBd5408dB009f0DF087Ffd934cF98e,,0xf573d99385C05c23B24ed33De616ad16a43a0919
5351038,393342,0xd1892d3B28BB175eA4BCeCc85a1Aa364cE57E1CA,,0xf573d99385C05c23B24ed33De616ad16a43a0919
5353180,386524,0xB498446d6B701407fed1F34a1A7328df3Aa32308,,0xf573d99385C05c23B24ed33De616ad16a43a0919
5357991,457758,0x80b29ED78B08eDFd29A69009994401F9bFd27285,,0xf573d99385C05c23B24ed33De616ad16a43a0919
5358843,411674,0x4680B01D48f107928Dc75C3Ae5C8296D8cB0b5f7,,0xf573d99385C05c23B24ed33De616ad16a43a0919
5359875,287723,0x8B2Efc253ece18e2d51d68771a085C14DDa26a5a,,0xf573d99385C05c23B24ed33De616ad16a43a0919
5361849,268561,0x75224e800636c3D397bADb4D7c544e09aDDd8E0A,,0xf573d99385C05c23B24ed33De616ad16a43a0919
5362363,431185,0x683F9fAd078651830F5bec19f0A5d4f22307c6E7,,0xf573d99385C05c23B24ed33De616ad16a43a0919
5364805,271077,0x5A18CD87482Cd5c2eb9D77544F7cB01a2b881c92,,0xf573d99385C05c23B24ed33De616ad16a43a0919
5365667,412763,0x47596983aF7dE4d2f801c309BB9Cef6B84e2ffDa,,0xf573d99385C05c23B24ed33De616ad16a43a0919
5368939,406224,0x13104C8e4653f841258E4e12a70C9C0784c7FFa4,,0xf573d99385C05c23B24ed33De616ad16a43a0919
5369360,482148,0xa9AF89Cb6cb8f665793800D4782E61dCc01F2fEa,,0xf573d99385C05c23B24ed33De616ad16a43a0919
5373477,260900,0x9e43d1a488a2b3E0d5Bf8e0f4201b057f5Bb4391,,0xDAFEA492D9c6733ae3d56b7Ed1ADB60692c98Bc5
5374217,480486,0x9Efd3Ecf5E6eB12283B64dfB467045aa8589a7c8,,0xf573d99385C05c23B24ed33De616ad16a43a0919
5374262,264234,0x2Ccf46B776e48596c2d7c09E91C36F1E1B50a122,,0xf573d99385C05c23B24ed33De616ad16a43a0919
5385993,332657,0x533Ac1cE767a6203dD6fc9031DBafD84FcEd3E40,,0xf573d99385C05c23B24ed33De616ad16a43a0919
5386476,369129,0xCb19C7148584322867912457E99722453846b42c,,0xf573d99385C05c23B24ed33De616ad16a43a0919
5387334,262817,0xb15874BDCBa04d873cBf79bD8F12606e9A5Ca079,,0xf573d99385C05c23B24ed33De616ad16a43a0919
5387869,433071,0xbCD593d534082b924a746D3264dABE4cA8219401,,0xf573d99385C05c23B24ed33De616ad16a43a0919
5390904,312971,0x9e43d1a488a2b3E0d5Bf8e0f4201b057f5Bb4391,,0x690B9A9E9aa1C9dB991C7721a92d351Db4FaC990
5391216,344590,0x16d5EcA149558AC49CAC52ECe17ba7796b06FC53,,0xf573d99385C05c23B24ed33De616ad16a43a0919
5391378,457479,0x751683968FD078341C48B90bC657d6bAbc2339F7,,0xf573d99385C05c23B24ed33De616ad16a43a0919
5392468,263113,0x708B3E31Df38e1e7f6c87Fe5E6B079a5f45D6ccd,,0xf573d99385C05c23B24ed33De616ad16a43a0919
5393540,273576,0xF307c85EE39AADD4182894e829e887f351e360D9,,0xf573d99385C05c23B24ed33De616ad16a43a0919
5393989,425940,0xA1bA6a3bF450A2EA96C5F92B1d4D4e6401C717Ea,,0xf573d99385C05c23B24ed33De616ad16a43a0919
5397194,276142,0xbfaf9BFa09F26EF8104A6d5FF09afdCC9300E5bc,,0x690B9A9E9aa1C9dB991C7721a92d351Db4FaC990
5397550,429119,0x46f543ab65DA23B4C61436DB11e05676ACF6b206,,0xf573d99385C05c23B24ed33De616ad16a43a0919
5398761,429407,0xd3C7c34E80bee3977B0b60c835a29e0DC14F4b7d,,0x690B9A9E9aa1C9dB991C7721a92d351Db4FaC990
5399892,263696,0x78a47e8041f0F34b52dDfD55ed0d4Fc8c0435995,,0xf573d99385C05c23B24ed33De616ad16a43a0919
5400344,399080,0x2b6fCa9AD7EBd5408dB009f0DF087Ffd934cF98e,,0xf573d99385C05c23B24ed33De616ad16a43a0919
5400633,261347,0x78a47e8041f0F34b52dDfD55ed0d4Fc8c0435995,,0xf573d99385C05c23B24ed33De616ad16a43a0919
5401462,445463,0xBF4eDA607d85d5C524154cC96352E87244F71F66,,0xf573d99385C05c23B24ed33De616ad16a43a0919
5402169,442168,0xBfC76C6eDC762d0E2885371A8FF32776DF05B8E1,,0x95222290DD7278Aa3Ddd389Cc1E1d165CC4BAfe5
5408355,399086,0x2b6fCa9AD7EBd5408dB009f0DF087Ffd934cF98e,,0xf573d99385C05c23B24ed33De616ad16a43a0919
5408607,442793,0x8990D7555Fee1e164b8CB09A6fA51Aa616f32618,,0xf573d99385C05c23B24ed33De616ad16a43a0919
5409193,429774,0xbd14bB00cfcb670A5187Da2062c94d1E5d2f0169,,0xf573d99385C05c23B24ed33De616ad16a43a0919
5409323,357671,0xB5C136A0cfb99C93473b085783E243956Dd4047C,,0x690B9A9E9aa1C9dB991C7721a92d351Db4FaC990
5410223,261249,0x1EFF6b29320Dd155a0A7F015bdfa80d490902B5D,,0x95222290DD7278Aa3Ddd389Cc1E1d165CC4BAfe5
5411053,430172,0xE0536E3815BDc6A144F99975b0B76CDCaa70121D,,0xf573d99385C05c23B24ed33De616ad16a43a0919
5411459,357672,0x9060Cc7200BD2Aa6f7a68E8D5CC57BCc12B93853,,0xf573d99385C05c23B24ed33De616ad16a43a0919
5411866,279389,0x751683968FD078341C48B90bC657d6bAbc2339F7,,0xf573d99385C05c23B24ed33De616ad16a43a0919
5414533,267935,0xa9C6fb4E6F0EE89Debf87DdDEBF44Db88bA5f3d6,,0xf573d99385C05c23B24ed33De616ad16a43a0919
5417814,256316,0x751683968FD078341C48B90bC657d6bAbc2339F7,,0xf573d99385C05c23B24ed33De616ad16a43a0919
5425008,267935,0xa9C6fb4E6F0EE89Debf87DdDEBF44Db88bA5f3d6,,0xf573d99385C05c23B24ed33De616ad16a43a0919
5425417,313348,0x9e43d1a488a2b3E0d5Bf8e0f4201b057f5Bb4391,,0x690B9A9E9aa1C9dB991C7721a92d351Db4FaC990
5425963,431282,0xc992a9F75Fc162B91a481EEf9aeC47465218C91A,,0xf573d99385C05c23B24ed33De616ad16a43a0919
5427530,392974,0x8B2Efc253ece18e2d51d68771a085C14DDa26a5a,,0xf573d99385C05c23B24ed33De616ad16a43a0919
5428322,260860,0x13F08Ef90255A8919B68DaD657C4224Ad17e5E09,,0xf573d99385C05c23B24ed33De616ad16a43a0919
5429500,261347,0x78a47e8041f0F34b52dDfD55ed0d4Fc8c0435995,,0xf573d99385C05c23B24ed33De616ad16a43a0919
5432289,399229,0xb745EeDa2dB353a3E649A3774Fa759533CAf49F8,,0xf573d99385C05c23B24ed33De616ad16a43a0919
5433097,484628,0x35A4F2B135E3C1b49F16e3c8D6aCCDccaa98b6c6,,0x95222290DD7278Aa3Ddd389Cc1E1d165CC4BAfe5
5433595,435817,0xb013B41BDEF3FeD6CdE651E9f2Bc2fFD2238BAd4,,0xf573d99385C05c23B24ed33De616ad16a43a0919
5433903,279892,0x8B2Efc253ece18e2d51d68771a085C14DDa26a5a,,0xf573d99385C05c23B24ed33De616ad16a43a0919
5434508,364677,0x24470B4C6CFD6901E382429243a533acE113B8A8,,0xf573d99385C05c23B24ed33De616ad16a43a0919
5436059,449986,0x68d3081e20321c2386d038B688b045093f647e87,,0xf573d99385C05c23B24ed33De616ad16a43a0919
5436606,396289,0xED8Da4DAF5B1b112fD27123ca414496cf033A3bb,,0xFeebabE6b0418eC13b30aAdF129F5DcDd4f70CeA
5437979,422795,0x02523F5c440f09ae533600CfC0999ce30df2a523,,0xf573d99385C05c23B24ed33De616ad16a43a0919
5438329,264799,0x5945459c5201e21Ff409C9608600D0c0d5f91635,,0x33894ea0C25295cB48068019d999A9E190540BF7
5439093,474066,0xDf36999a33B1A9d5ED6F34a363bD14E58D4605ce,,0xf573d99385C05c23B24ed33De616ad16a43a0919
5440741,412990,0xF307c85EE39AADD4182894e829e887f351e360D9,,0xf573d99385C05c23B24ed33De616ad16a43a0919
5443115,400558,0xBfC76C6eDC762d0E2885371A8FF32776DF05B8E1,,0x95222290DD7278Aa3Ddd389Cc1E1d165CC4BAfe5
5443943,482179,0xd1892d3B28BB175eA4BCeCc85a1Aa364cE57E1CA,,0xf573d99385C05c23B24ed33De616ad16a43a0919
5444954,399076,0x2b6fCa9AD7EBd5408dB009f0DF087Ffd934cF98e,,0xf573d99385C05c23B24ed33De616ad16a43a0919
5445986,353089,0x4680B01D48f107928Dc75C3Ae5C8296D8cB0b5f7,,0xf573d99385C05c23B24ed33De616ad16a43a0919
5450684,267673,0x9e43d1a488a2b3E0d5Bf8e0f4201b057f5Bb4391,,0x95222290DD7278Aa3Ddd389Cc1E1d165CC4BAfe5
5451752,487958,0x82ED7b4d62b6f1e297Ed1CC598B42d61c89ea791,,0xf573d99385C05c23B24ed33De616ad16a43a0919
5453082,262707,0x78a47e8041f0F34b52dDfD55ed0d4Fc8c0435995,,0xf573d99385C05c23B24ed33De616ad16a43a0919
5455407,303796,0x8fE27b5a798F07A6e21d3Ee6eB33031bf89D05Cb,,0xf573d99385C05c23B24ed33De616ad16a43a0919
5455486,260911,0x75224e800636c3D397bADb4D7c544e09aDDd8E0A,,0xf573d99385C05c23B24ed33De616ad16a43a0919
5455547,422795,0x02523F5c440f09ae533600CfC0999ce30df2a523,,0xf573d99385C05c23B24ed33De616ad16a43a0919
5456390,275268,0x8B2Efc253ece18e2d51d68771a085C14DDa26a5a,,0xf573d99385C05c23B24ed33De616ad16a43a0919
5459165,263696,0x78a47e8041f0F34b52dDfD55ed0d4Fc8c0435995,,0xf573d99385C05c23B24ed33De616ad16a43a0919
5463660,260911,0x75224e800636c3D397bADb4D7c544e09aDDd8E0A,,0xf573d99385C05c23B24ed33De616ad16a43a0919
5466477,400019,0x8bf04aF186A7Ac0078f32467e4A8cC57D8CA848d,,0x8C5181D8424C061F26980459e4AbB8e3176d313D
5467689,313436,0x8a7645F1FCc9e2BF45169602B9cEC829975336E7,,0x690B9A9E9aa1C9dB991C7721a92d351Db4FaC990
5469799,487884,0x24a9db8f232948c2f64A4BBD68AC52A2694efa9F,,0xf573d99385C05c23B24ed33De616ad16a43a0919
5475524,314837,0x17Fa597cEc16Ab63A7ca00Fb351eb4B29Ffa6f46,,0xf573d99385C05c23B24ed33De616ad16a43a0919
5475949,273567,0xF307c85EE39AADD4182894e829e887f351e360D9,,0xf573d99385C05c23B24ed33De616ad16a43a0919
5477476,492285,0xAE94b62D1D08f02Ce6d08EFBe677ed7564cdDe93,,0x690B9A9E9aa1C9dB991C7721a92d351Db4FaC990
5480388,486450,0xbC903584838678bEEc9902b744252822a6d546C2,,0xf573d99385C05c23B24ed33De616ad16a43a0919
5486294,282599,0xEA19342eaCC5001722C7864B1a4C50BBb8F94df0,,0xae78736Cd615f374D3085123A210448E74Fc6393
5492774,282599,0xEA19342eaCC5001722C7864B1a4C50BBb8F94df0,,0xae78736Cd615f374D3085123A210448E74Fc6393
5498140,343626,0x5fB2A7793A08dE719b0b750fb2961F1281D893a5,,0xf573d99385C05c23B24ed33De616ad16a43a0919
5505091,429656,0xED8Da4DAF5B1b112fD27123ca414496cf033A3bb,,0x690B9A9E9aa1C9dB991C7721a92d351Db4FaC990
5515964,260860,0x13F08Ef90255A8919B68DaD657C4224Ad17e5E09,,0xf573d99385C05c23B24ed33De616ad16a43a0919
5517528,356168,0x9Ae36ABEcC2604083FA61F107E7B2fb0920D3603,,0x0000000000000000000000000000000000000000
5519548,400558,0xBfC76C6eDC762d0E2885371A8FF32776DF05B8E1,,0x95222290DD7278Aa3Ddd389Cc1E1d165CC4BAfe5
5522788,346937,0x6C8A0BE7f58464ef37332Bdde4a58D7bcFDE4D6D,,0xf573d99385C05c23B24ed33De616ad16a43a0919
5527051,261347,0x78a47e8041f0F34b52dDfD55ed0d4Fc8c0435995,,0xf573d99385C05c23B24ed33De616ad16a43a0919
5527298,263693,0x78a47e8041f0F34b52dDfD55ed0d4Fc8c0435995,,0xf573d99385C05c23B24ed33De616ad16a43a0919
5528960,356168,0x9Ae36ABEcC2604083FA61F107E7B2fb0920D3603,,0x0000000000000000000000000000000000000000
5534076,399076,0x2b6fCa9AD7EBd5408dB009f0DF087Ffd934cF98e,,0xf573d99385C05c23B24ed33De616ad16a43a0919
5534093,422796,0x02523F5c440f09ae533600CfC0999ce30df2a523,,0xf573d99385C05c23B24ed33De616ad16a43a0919
5534245,327947,0x174E0b45C03318B0C9bc03573028605B26764931,,0xf573d99385C05c23B24ed33De616ad16a43a0919
5536048,497971,0x02523F5c440f09ae533600CfC0999ce30df2a523,,0xf573d99385C05c23B24ed33De616ad16a43a0919
5538661,450780,0x39cB89A82B401FA4941F304A3cdBdc1C51C77761,,0xf573d99385C05c23B24ed33De616ad16a43a0919
5540189,399078,0x2b6fCa9AD7EBd5408dB009f0DF087Ffd934cF98e,,0xf573d99385C05c23B24ed33De616ad16a43a0919
5542178,404775,0x5280B7aD2aFF8872C4110A0EA2E919c616F55D19,,0xf573d99385C05c23B24ed33De616ad16a43a0919
5542951,267544,0x8d6B5AA8755FbD93dd02c1Fbebd7A5C4cB3c7E8C,,0xDAFEA492D9c6733ae3d56b7Ed1ADB60692c98Bc5
5544569,321441,0x5f4cB66c9B1Ed8A4758A059FDB10E0F72C307D8A,,0x95222290DD7278Aa3Ddd389Cc1E1d165CC4BAfe5
5549977,431283,0xc992a9F75Fc162B91a481EEf9aeC47465218C91A,,0xf573d99385C05c23B24ed33De616ad16a43a0919
5551671,267679,0x9B367d3291EDd5c676D432C2Df7A487487aF388C,,0xf573d99385C05c23B24ed33De616ad16a43a0919
5553087,441827,0xc992a9F75Fc162B91a481EEf9aeC47465218C91A,,0xf573d99385C05c23B24ed33De616ad16a43a0919
5553333,497039,0x68d3081e20321c2386d038B688b045093f647e87,,0xf573d99385C05c23B24ed33De616ad16a43a0919
5554918,439318,0xd3A2FeCb575EEAb8fb48E22374bF59b66a09FaB1,,0xf573d99385C05c23B24ed33De616ad16a43a0919
5555185,405655,0xBfC76C6eDC762d0E2885371A8FF32776DF05B8E1,,0x95222290DD7278Aa3Ddd389Cc1E1d165CC4BAfe5
5556031,268906,0x8d6B5AA8755FbD93dd02c1Fbebd7A5C4cB3c7E8C,,0x690B9A9E9aa1C9dB991C7721a92d351Db4FaC990
5561200,395792,0x663CbbD93B5eE095AC8386C2a301EB1C47D73aA9,,0x690B9A9E9aa1C9dB991C7721a92d351Db4FaC990
5561267,434662,0x78072BA5f77d01B3f5B1098df73176933da02A7A,,0x95222290DD7278Aa3Ddd389Cc1E1d165CC4BAfe5
5561477,412201,0x0E86D5F877191Bc9696Ff653Cd4C7aFAfc8e88Bf,,0xf573d99385C05c23B24ed33De616ad16a43a0919
5563523,418453,0xDF1aa393D35EdB09E48D5d8f7dbdF82f9e3684ef,,0xf573d99385C05c23B24ed33De616ad16a43a0919
5567567,399077,0x2b6fCa9AD7EBd5408dB009f0DF087Ffd934cF98e,,0xf573d99385C05c23B24ed33De616ad16a43a0919
5568137,268884,0x8d6B5AA8755FbD93dd02c1Fbebd7A5C4cB3c7E8C,,0x95222290DD7278Aa3Ddd389Cc1E1d165CC4BAfe5
5571553,439270,0xE35854CdE18A3cC4706134b4850Dd861a55B9A30,,0x95222290DD7278Aa3Ddd389Cc1E1d165CC4BAfe5
5572574,482700,0x9A8dc6dcD9fDC7efAdbED3803bf3Cd208C91d7C1,,0x6F949c1403C34f15Ba101A515bD7a9A44f6058ef
5576855,267935,0xa9C6fb4E6F0EE89Debf87DdDEBF44Db88bA5f3d6,,0xf573d99385C05c23B24ed33De616ad16a43a0919
5579920,442168,0xBfC76C6eDC762d0E2885371A8FF32776DF05B8E1,,0x690B9A9E9aa1C9dB991C7721a92d351Db4FaC990
5585092,426080,0x45a551543362461482c0A5Eee033D149c1D04Dd6,,0xf573d99385C05c23B24ed33De616ad16a43a0919
5588759,485998,0x9A8dc6dcD9fDC7efAdbED3803bf3Cd208C91d7C1,,0x6F949c1403C34f15Ba101A515bD7a9A44f6058ef
5592031,485967,0xb15874BDCBa04d873cBf79bD8F12606e9A5Ca079,,0xf573d99385C05c23B24ed33De616ad16a43a0919
5593307,362249,0x3f0Ea7DE2fB5C64F4cb621Fe40F9Cf08165e8f3A,,0xf573d99385C05c23B24ed33De616ad16a43a0919
5594221,482694,0x9A8dc6dcD9fDC7efAdbED3803bf3Cd208C91d7C1,,0x6F949c1403C34f15Ba101A515bD7a9A44f6058ef
5595702,498032,0xDBef206584d2b84b625c7d78067aE977f8EE1A29,,0xf573d99385C05c23B24ed33De616ad16a43a0919
5598831,268886,0x8d6B5AA8755FbD93dd02c1Fbebd7A5C4cB3c7E8C,,0xDAFEA492D9c6733ae3d56b7Ed1ADB60692c98Bc5
5602856,500668,0xC15001d5F0Df5CDd0e61754AcfB5e0cF1333e1b1,,0xf573d99385C05c23B24ed33De616ad16a43a0919
5614551,267935,0xa9C6fb4E6F0EE89Debf87DdDEBF44Db88bA5f3d6,,0xf573d99385C05c23B24ed33De616ad16a43a0919
5615196,262088,0xD4b0625E65F7D0b417B6386421AF629923D3f5F9,,0xf573d99385C05c23B24ed33De616ad16a43a0919
5618156,422386,0xd5809D70b81547D8ce989f86cf6b2fcD90356cF1,,0xf573d99385C05c23B24ed33De616ad16a43a0919
5619508,296880,0x5945459c5201e21Ff409C9608600D0c0d5f91635,,0x33894ea0C25295cB48068019d999A9E190540BF7
5622794,399075,0x2b6fCa9AD7EBd5408dB009f0DF087Ffd934cF98e,,0xf573d99385C05c23B24ed33De616ad16a43a0919
5629195,501499,0xfdE82eA5f35755144b9D0EC901832704cb2164F2,,0xf573d99385C05c23B24ed33De616ad16a43a0919
5631179,431283,0xc992a9F75Fc162B91a481EEf9aeC47465218C91A,,0xf573d99385C05c23B24ed33De616ad16a43a0919
5634089,260594,0xB0a2Ef3c7680A265692252D212440C7326Ea1792,,0xf573d99385C05c23B24ed33De616ad16a43a0919
5635996,431283,0xc992a9F75Fc162B91a481EEf9aeC47465218C91A,,0xf573d99385C05c23B24ed33De616ad16a43a0919
5640496,434804,0x867f8A86d0a4820f839114473DFAe7a02f3Becdb,,0xf573d99385C05c23B24ed33De616ad16a43a0919
5649967,267526,0x8d6B5AA8755FbD93dd02c1Fbebd7A5C4cB3c7E8C,,0x690B9A9E9aa1C9dB991C7721a92d351Db4FaC990
5650689,412338,0xB0a2Ef3c7680A265692252D212440C7326Ea1792,,0xf573d99385C05c23B24ed33De616ad16a43a0919
5655751,497772,0x02523F5c440f09ae533600CfC0999ce30df2a523,,0xf573d99385C05c23B24ed33De616ad16a43a0919
5661987,273561,0xF307c85EE39AADD4182894e829e887f351e360D9,,0xf573d99385C05c23B24ed33De616ad16a43a0919
5671178,438975,0xdCc67F9197b797140654Dd46E84E1b03D956927b,,0xf573d99385C05c23B24ed33De616ad16a43a0919
5683976,313366,0x9e43d1a488a2b3E0d5Bf8e0f4201b057f5Bb4391,,0x95222290DD7278Aa3Ddd389Cc1E1d165CC4BAfe5
5693890,273561,0xF307c85EE39AADD4182894e829e887f351e360D9,,0xf573d99385C05c23B24ed33De616ad16a43a0919
5694028,267526,0x8d6B5AA8755FbD93dd02c1Fbebd7A5C4cB3c7E8C,,0x690B9A9E9aa1C9dB991C7721a92d351Db4FaC990
5695117,282599,0xEA19342eaCC5001722C7864B1a4C50BBb8F94df0,,0xae78736Cd615f374D3085123A210448E74Fc6393
5701861,263693,0x78a47e8041f0F34b52dDfD55ed0d4Fc8c0435995,,0xf573d99385C05c23B24ed33De616ad16a43a0919
5702361,260898,0x78a47e8041f0F34b52dDfD55ed0d4Fc8c0435995,,0xf573d99385C05c23B24ed33De616ad16a43a0919
5709258,401892,0xc992a9F75Fc162B91a481EEf9aeC47465218C91A,,0xf573d99385C05c23B24ed33De616ad16a43a0919
5714274,399076,0x2b6fCa9AD7EBd5408dB009f0DF087Ffd934cF98e,,0xf573d99385C05c23B24ed33De616ad16a43a0919
5714597,422795,0x02523F5c440f09ae533600CfC0999ce30df2a523,,0xf573d99385C05c23B24ed33De616ad16a43a0919
5722493,335326,0xce4C4b6474C26C60e7c84C77887820ab9EAbb205,,0xf573d99385C05c23B24ed33De616ad16a43a0919
5722517,283568,0x26D4ef83924f56629e20DE63cd0848C7CDACCF91,,0xf573d99385C05c23B24ed33De616ad16a43a0919
5722881,412830,0x3EFf05d9831bf9372E0cB565765eb073A68694e5,,0xf573d99385C05c23B24ed33De616ad16a43a0919
5723302,331669,0x8B90753A76CA2113C94d0C13936c9f03C08FF8e3,,0xf573d99385C05c23B24ed33De616ad16a43a0919
5725403,339847,0xf2FEEf7Ad3F9BA8964b381Bb3516b9070833d4c8,,0xf573d99385C05c23B24ed33De616ad16a43a0919
5725615,417809,0x08f5DB7653072c185023cBbaa277469Ac079B457,,0xf573d99385C05c23B24ed33De616ad16a43a0919
5725959,274749,0x1658A95D08BC44111a93f7AFcaB8444b7e8dC0C7,,0xf573d99385C05c23B24ed33De616ad16a43a0919
5726975,415625,0x323AFACD6b9C993Ac492D27488bC48E467d34DDF,,0xf573d99385C05c23B24ed33De616ad16a43a0919
5727391,268561,0x75224e800636c3D397bADb4D7c544e09aDDd8E0A,,0xf573d99385C05c23B24ed33De616ad16a43a0919
5728600,393814,0x6cDc3EaFcfa672A7d8cB85F7365E952e83765b5d,,0xf573d99385C05c23B24ed33De616ad16a43a0919
5729898,276072,0xb25C94C550DB35BDc04604408D3eB9620Cf3C816,,0xf573d99385C05c23B24ed33De616ad16a43a0919
5730389,274605,0xF0bf714956B8cC5e8b1DB5B3F2f868fC423F9eB8,,0xf573d99385C05c23B24ed33De616ad16a43a0919
5731631,260898,0x78a47e8041f0F34b52dDfD55ed0d4Fc8c0435995,,0xf573d99385C05c23B24ed33De616ad16a43a0919
5732290,439318,0xd3A2FeCb575EEAb8fb48E22374bF59b66a09FaB1,,0xf573d99385C05c23B24ed33De616ad16a43a0919
5733209,313366,0x9e43d1a488a2b3E0d5Bf8e0f4201b057f5Bb4391,,0x690B9A9E9aa1C9dB991C7721a92d351Db4FaC990
5733679,474844,0xcf893845C90Ede75106Bbcd402EFC792F6C5b4BF,,0xf573d99385C05c23B24ed33De616ad16a43a0919
5734191,350119,0xceB35598EEA902595B2C8fFef306D991FC61d27c,,0xf573d99385C05c23B24ed33De616ad16a43a0919
5735306,438975,0xdCc67F9197b797140654Dd46E84E1b03D956927b,,0xf573d99385C05c23B24ed33De616ad16a43a0919
5736322,331677,0xe6123006981055DbC8f6906861a2a506D751BA9E,,0xf573d99385C05c23B24ed33De616ad16a43a0919
5739476,296211,0x00a052fFE1a486C88292F4B75b30C875b8ABceF5,,0xf573d99385C05c23B24ed33De616ad16a43a0919
5739871,262160,0x6E9aB773812cC1002856c1E7487B237D0EcafBa8,,0xf573d99385C05c23B24ed33De616ad16a43a0919
5741544,440952,0xFaaDf0C804689Af0571f269eeA8073A196f891F7,,0x690B9A9E9aa1C9dB991C7721a92d351Db4FaC990
5741682,463765,0x949953B4aB9748992f3B9841E2f510d502Ec2C8E,,0xf573d99385C05c23B24ed33De616ad16a43a0919
5741718,463412,0xd84f13bB7C5Ab4a68d62D275596Be6b4FC56ED72,,0xf573d99385C05c23B24ed33De616ad16a43a0919
5741727,296880,0x5945459c5201e21Ff409C9608600D0c0d5f91635,,0x33894ea0C25295cB48068019d999A9E190540BF7
5742010,472932,0x12a7e5123BAB8c012BEA1B1A948C15B340718229,,0xf573d99385C05c23B24ed33De616ad16a43a0919
5743846,392980,0x66770aBAA1a565E4876dEcc828c92b506616472a,,0xf573d99385C05c23B24ed33De616ad16a43a0919
5746192,266615,0xaD2Bf569034A0006ac13A5Cfb3BB56320FA87D4E,,0xf573d99385C05c23B24ed33De616ad16a43a0919
5746331,399082,0x2b6fCa9AD7EBd5408dB009f0DF087Ffd934cF98e,,0xf573d99385C05c23B24ed33De616ad16a43a0919
5746796,466229,0xeB8dBF1f9C2629729c53938db085A313Ed2efFAd,,0xf573d99385C05c23B24ed33De616ad16a43a0919
5747431,450917,0x34BDD73318e8FE2747f8FF0638a757d366325491,,0xf573d99385C05c23B24ed33De616ad16a43a0919
5747699,444642,0xC2CD219c26d0615489bD347330fF041b8f1AFAd6,,0xf573d99385C05c23B24ed33De616ad16a43a0919
5749084,331669,0x8B90753A76CA2113C94d0C13936c9f03C08FF8e3,,0xf573d99385C05c23B24ed33De616ad16a43a0919
5749528,499214,0x4B9Ec48659D7BB8C3B953658F8D2c626C9cfc669,,0xf573d99385C05c23B24ed33De616ad16a43a0919
5750948,441538,0xb791362a18213852eAf5A0538277Fb473bF86949,,0xf573d99385C05c23B24ed33De616ad16a43a0919
5751953,261320,0x4f997425E66d6183bCf4853F1f20087523821C33,,0xf573d99385C05c23B24ed33De616ad16a43a0919
5753919,286649,0x12d1D63648FdFCf06B91b2f7EA35fB53F4Cc93f1,,0xf573d99385C05c23B24ed33De616ad16a43a0919
5754142,308703,0xFF0DE408D201b913837Ff5Be08815b7655B5d6da,,0xf573d99385C05c23B24ed33De616ad16a43a0919
5754376,302987,0xcE9b5D0692358484616B1e3A916a8F7903C7728b,,0xf573d99385C05c23B24ed33De616ad16a43a0919
5754575,478024,0xcf893845C90Ede75106Bbcd402EFC792F6C5b4BF,,0xf573d99385C05c23B24ed33De616ad16a43a0919
5755713,331834,0x8e562B30f1402dC60b20e76613a6076e583d298d,,0xf573d99385C05c23B24ed33De616ad16a43a0919
5761970,426080,0x45a551543362461482c0A5Eee033D149c1D04Dd6,,0xf573d99385C05c23B24ed33De616ad16a43a0919
5763048,462166,0x949953B4aB9748992f3B9841E2f510d502Ec2C8E,,0xf573d99385C05c23B24ed33De616ad16a43a0919
5763100,399080,0x2b6fCa9AD7EBd5408dB009f0DF087Ffd934cF98e,,0xf573d99385C05c23B24ed33De616ad16a43a0919
5763923,399081,0x2b6fCa9AD7EBd5408dB009f0DF087Ffd934cF98e,,0xf573d99385C05c23B24ed33De616ad16a43a0919
5765589,431283,0xc992a9F75Fc162B91a481EEf9aeC47465218C91A,,0xf573d99385C05c23B24ed33De616ad16a43a0919
5768977,411358,0x7C5d0950584F961f5c1054c88a71B01207Bf9CB7,,0x95222290DD7278Aa3Ddd389Cc1E1d165CC4BAfe5
5771863,268884,0x8d6B5AA8755FbD93dd02c1Fbebd7A5C4cB3c7E8C,,0x690B9A9E9aa1C9dB991C7721a92d351Db4FaC990
5772389,500223,0xfdE82eA5f35755144b9D0EC901832704cb2164F2,,0x690B9A9E9aa1C9dB991C7721a92d351Db4FaC990
5774964,268886,0x8d6B5AA8755FbD93dd02c1Fbebd7A5C4cB3c7E8C,,0x690B9A9E9aa1C9dB991C7721a92d351Db4FaC990
5780386,437620,0x8dEA24025cF3080FE46af8511c1Be871302B2d63,,0x199D5ED7F45F4eE35960cF22EAde2076e95B253F
5780560,312980,0x9e43d1a488a2b3E0d5Bf8e0f4201b057f5Bb4391,,0x690B9A9E9aa1C9dB991C7721a92d351Db4FaC990
5782579,418193,0xc0E7C12756954454937943316B2Ad99e4eBE11aC,,0x5F927395213ee6b95dE97bDdCb1b2B1C0F16844F
5783525,500223,0xfdE82eA5f35755144b9D0EC901832704cb2164F2,,0x1f9090aaE28b8a3dCeaDf281B0F12828e676c326
5788689,279901,0x7Af638C962f7c427Cfd1ec42C1E32f1c618aacc2,,0x95222290DD7278Aa3Ddd389Cc1E1d165CC4BAfe5
5789612,267539,0x8d6B5AA8755FbD93dd02c1Fbebd7A5C4cB3c7E8C,,0x690B9A9E9aa1C9dB991C7721a92d351Db4FaC990
5789890,501499,0xfdE82eA5f35755144b9D0EC901832704cb2164F2,,0x690B9A9E9aa1C9dB991C7721a92d351Db4FaC990
5791491,508649,0x84ba027280cC6cc1e592a01270c5f21A494F46Cb,,0x5F927395213ee6b95dE97bDdCb1b2B1C0F16844F
5792813,412312,0x9324999259140C312cD45508D6e1600d4cf68EC6,,0x690B9A9E9aa1C9dB991C7721a92d351Db4FaC990
5796115,270743,0x8392181ccB399806218ea5F4C32d2dcd21d867D1,,0xf573d99385C05c23B24ed33De616ad16a43a0919
5798993,393436,0x521140587FA4A85a5c231C3bB10ad430673b7eFF,,0xbd3Afb0bB76683eCb4225F9DBc91f998713C3b01
5808811,430334,0x1423Bf7991cDAa711a5DE056F755905cd50E44D6,,0xf573d99385C05c23B24ed33De616ad16a43a0919
5823553,313334,0x17Fa597cEc16Ab63A7ca00Fb351eb4B29Ffa6f46,,0x95222290DD7278Aa3Ddd389Cc1E1d165CC4BAfe5
5829713,296843,0xF6fd4eC926d83AdaDd725E67D4005763832f4679,,0x95222290DD7278Aa3Ddd389Cc1E1d165CC4BAfe5
5833985,441971,0xe3a0FEC479C9D8F3A01446A1b0414944d47D7550,,0x95222290DD7278Aa3Ddd389Cc1E1d165CC4BAfe5
5835537,439139,0xacB7CFB56D6835d9E2Fa3E3F273A0450468082D9,,0x95222290DD7278Aa3Ddd389Cc1E1d165CC4BAfe5
5837987,405798,0x7C5d0950584F961f5c1054c88a71B01207Bf9CB7,,0x95222290DD7278Aa3Ddd389Cc1E1d165CC4BAfe5
5847555,263693,0x78a47e8041f0F34b52dDfD55ed0d4Fc8c0435995,,0xf573d99385C05c23B24ed33De616ad16a43a0919
5849905,469871,0xD91EEcc267ff626399798040d88DE62c9e70Acf0,,0x5F927395213ee6b95dE97bDdCb1b2B1C0F16844F
5856842,434919,0x895F6558f0b02F95F48EF0d580eC885056dcCCC6,,0x95222290DD7278Aa3Ddd389Cc1E1d165CC4BAfe5
5858479,430534,0x7C5d0950584F961f5c1054c88a71B01207Bf9CB7,,0x1f9090aaE28b8a3dCeaDf281B0F12828e676c326
5862567,431995,0x895F6558f0b02F95F48EF0d580eC885056dcCCC6,,0x5F927395213ee6b95dE97bDdCb1b2B1C0F16844F
5869057,401157,0x2C1ec76e2fB8B8f070b4687C122e8dee0EC79A63,,0x5F927395213ee6b95dE97bDdCb1b2B1C0F16844F
5877424,411301,0x5Bd353C49fe776b9Bd0661c1D86ADe344d88D416,,0x95222290DD7278Aa3Ddd389Cc1E1d165CC4BAfe5
5885409,496423,0xD93aeF2867144297802B41E7887C5C0d5b853fED,,0x199D5ED7F45F4eE35960cF22EAde2076e95B253F
5888322,527293,0xfD3D8DeA632a6f69dff460BFE351426EA190e6A7,,0x95222290DD7278Aa3Ddd389Cc1E1d165CC4BAfe5
5891762,395813,0x663CbbD93B5eE095AC8386C2a301EB1C47D73aA9,,0x1f9090aaE28b8a3dCeaDf281B0F12828e676c326
5891799,281294,0x8B2Efc253ece18e2d51d68771a085C14DDa26a5a,bloXroute Max Profit:0xd4E96eF8eee8678dBFf4d535E033Ed1a4F7605b7,0x95222290DD7278Aa3Ddd389Cc1E1d165CC4BAfe5
5900867,260711,0xD000AFcF644D5A651D53BA8cF3E49bCc2AC0f303,,0x5F927395213ee6b95dE97bDdCb1b2B1C0F16844F
5902394,329978,0x8B2Efc253ece18e2d51d68771a085C14DDa26a5a,bloXroute Max Profit:0xd4E96eF8eee8678dBFf4d535E033Ed1a4F7605b7,0x95222290DD7278Aa3Ddd389Cc1E1d165CC4BAfe5
5902679,279892,0x8B2Efc253ece18e2d51d68771a085C14DDa26a5a,bloXroute Max Profit:0xd4E96eF8eee8678dBFf4d535E033Ed1a4F7605b7,0x95222290DD7278Aa3Ddd389Cc1E1d165CC4BAfe5
5903330,518185,0xF3d688E983859e63B7A9aFf400a8E1293665e2f5,,0x199D5ED7F45F4eE35960cF22EAde2076e95B253F
5906984,489083,0x66b85d47488B4792D47Cf05823628eb6D2b94C12,,0x690B9A9E9aa1C9dB991C7721a92d351Db4FaC990
5907158,329425,0x8B2Efc253ece18e2d51d68771a085C14DDa26a5a,bloXroute Max Profit:0xd4E96eF8eee8678dBFf4d535E033Ed1a4F7605b7,0x95222290DD7278Aa3Ddd389Cc1E1d165CC4BAfe5
5909821,457606,0x7Cebbe93e945d5c01112C3C999a4607E9f49177F,,0x95222290DD7278Aa3Ddd389Cc1E1d165CC4BAfe5
5912323,369412,0x52e5F0A3fD38a9D73f313Fd0973971b908688649,,0x199D5ED7F45F4eE35960cF22EAde2076e95B253F
5922137,430351,0x663CbbD93B5eE095AC8386C2a301EB1C47D73aA9,,0x5F927395213ee6b95dE97bDdCb1b2B1C0F16844F
5926051,339903,0x8Ed9e1f3b9332a12E9625fE971Aed0C9a4E2a99D,,0xf573d99385C05c23B24ed33De616ad16a43a0919
5926072,267673,0x9e43d1a488a2b3E0d5Bf8e0f4201b057f5Bb4391,,0x1f9090aaE28b8a3dCeaDf281B0F12828e676c326
5928815,281289,0x9e43d1a488a2b3E0d5Bf8e0f4201b057f5Bb4391,,0x690B9A9E9aa1C9dB991C7721a92d351Db4FaC990
5931459,399555,0x663CbbD93B5eE095AC8386C2a301EB1C47D73aA9,,0x1f9090aaE28b8a3dCeaDf281B0F12828e676c326
5931651,521821,0xd714338098Daaf32e46a20fF1293f57EFf04Dcca,,0x199D5ED7F45F4eE35960cF22EAde2076e95B253F
5934587,494110,0xfdE82eA5f35755144b9D0EC901832704cb2164F2,,0x690B9A9E9aa1C9dB991C7721a92d351Db4FaC990
5939234,299504,0x53Cad1487424A6e386F7791863b61802100Fa091,,0x199D5ED7F45F4eE35960cF22EAde2076e95B253F
5939729,411383,0x7C5d0950584F961f5c1054c88a71B01207Bf9CB7,,0x95222290DD7278Aa3Ddd389Cc1E1d165CC4BAfe5
5942520,326370,0x17Fa597cEc16Ab63A7ca00Fb351eb4B29Ffa6f46,,0xf573d99385C05c23B24ed33De616ad16a43a0919
5947287,478007,0xcf893845C90Ede75106Bbcd402EFC792F6C5b4BF,,0xf573d99385C05c23B24ed33De616ad16a43a0919
5948497,496840,0xD93aeF2867144297802B41E7887C5C0d5b853fED,,0x199D5ED7F45F4eE35960cF22EAde2076e95B253F
5949831,267524,0x8d6B5AA8755FbD93dd02c1Fbebd7A5C4cB3c7E8C,,0x95222290DD7278Aa3Ddd389Cc1E1d165CC4BAfe5
5952273,314878,0x17Fa597cEc16Ab63A7ca00Fb351eb4B29Ffa6f46,,0xf573d99385C05c23B24ed33De616ad16a43a0919
5953192,281219,0x8686Ed754F0c75afB97918EC97d78E5b2ec6595B,,0x690B9A9E9aa1C9dB991C7721a92d351Db4FaC990
5955313,438488,0x6327DA5284187fe63952DCd954C0b8Df1F478f3c,,0x5F927395213ee6b95dE97bDdCb1b2B1C0F16844F
5955363,516842,0x68d3081e20321c2386d038B688b045093f647e87,,0x95222290DD7278Aa3Ddd389Cc1E1d165CC4BAfe5
5962352,312978,0x9e43d1a488a2b3E0d5Bf8e0f4201b057f5Bb4391,,0xDAFEA492D9c6733ae3d56b7Ed1ADB60692c98Bc5
5962465,435849,0x0f28f81dA622fDDF01E728F524c24011E5DcFFE7,,0x95222290DD7278Aa3Ddd389Cc1E1d165CC4BAfe5
5963234,296823,0xaE6085F13A114689e92A4b220025ff2cc9EbBf6D,,0x95222290DD7278Aa3Ddd389Cc1E1d165CC4BAfe5
5964899,445555,0xD91EEcc267ff626399798040d88DE62c9e70Acf0,,0x5F927395213ee6b95dE97bDdCb1b2B1C0F16844F
5965626,261286,0xC519a740538028f5F70A8806a28B33d06EF21397,,0xf573d99385C05c23B24ed33De616ad16a43a0919
5969153,546875,0x9C9E7e6EF247D80CE6e4dEd2a9911B4746543E28,,0x5F927395213ee6b95dE97bDdCb1b2B1C0F16844F
5973524,312978,0x9e43d1a488a2b3E0d5Bf8e0f4201b057f5Bb4391,,0x690B9A9E9aa1C9dB991C7721a92d351Db4FaC990
5973761,432044,0x895F6558f0b02F95F48EF0d580eC885056dcCCC6,,0x95222290DD7278Aa3Ddd389Cc1E1d165CC4BAfe5
5979260,495817,0xD93aeF2867144297802B41E7887C5C0d5b853fED,,0xf573d99385C05c23B24ed33De616ad16a43a0919
5985763,505027,0x63A0Cb39ddFf858F608B4708FDC72Be83Ab40b5E,,0x1f9090aaE28b8a3dCeaDf281B0F12828e676c326
5990961,275741,0x17Fa597cEc16Ab63A7ca00Fb351eb4B29Ffa6f46,,0x95222290DD7278Aa3Ddd389Cc1E1d165CC4BAfe5
5992899,490264,0x3E1E0f284C49090a4F95e2444f77687a06E7Ba80,,0x5F927395213ee6b95dE97bDdCb1b2B1C0F16844F
5994851,487894,0x24a9db8f232948c2f64A4BBD68AC52A2694efa9F,,0x5F927395213ee6b95dE97bDdCb1b2B1C0F16844F
5996690,261249,0x1EFF6b29320Dd155a0A7F015bdfa80d490902B5D,,0x1f9090aaE28b8a3dCeaDf281B0F12828e676c326
5997374,522463,0xB4E70e24EC3546Fee830213D969d855b99fDD112,,0x5F927395213ee6b95dE97bDdCb1b2B1C0F16844F
5998197,405829,0x7C5d0950584F961f5c1054c88a71B01207Bf9CB7,,0x95222290DD7278Aa3Ddd389Cc1E1d165CC4BAfe5
6000433,472721,0x4680B01D48f107928Dc75C3Ae5C8296D8cB0b5f7,,0x5F927395213ee6b95dE97bDdCb1b2B1C0F16844F
6011299,472170,0xD91EEcc267ff626399798040d88DE62c9e70Acf0,,0x1f9090aaE28b8a3dCeaDf281B0F12828e676c326
6011824,502301,0x17Fa597cEc16Ab63A7ca00Fb351eb4B29Ffa6f46,,0x95222290DD7278Aa3Ddd389Cc1E1d165CC4BAfe5
6015942,445205,0xB0F23B57E3bd3a0d43E172A821be65eA587d104b,,0x95222290DD7278Aa3Ddd389Cc1E1d165CC4BAfe5
6017762,447412,0x5008724186728Bbd5CDddafb00C08B83Be57961B,,0x95222290DD7278Aa3Ddd389Cc1E1d165CC4BAfe5
6017827,313326,0x17Fa597cEc16Ab63A7ca00Fb351eb4B29Ffa6f46,,0x95222290DD7278Aa3Ddd389Cc1E1d165CC4BAfe5
6019668,521447,0x2B0E4276063Ea28a74a6731736e4531a04d31d31,,0x95222290DD7278Aa3Ddd389Cc1E1d165CC4BAfe5
6037789,440952,0xFaaDf0C804689Af0571f269eeA8073A196f891F7,,0x95222290DD7278Aa3Ddd389Cc1E1d165CC4BAfe5
6039663,346088,0x547E07494EC48dD3A968964E70696D79ccA9eb97,,0xDAFEA492D9c6733ae3d56b7Ed1ADB60692c98Bc5
6048562,260914,0xFc4605B7046B3Fb512B69ae91918b9305F1C4254,,0xDAFEA492D9c6733ae3d56b7Ed1ADB60692c98Bc5
6054790,321441,0x5f4cB66c9B1Ed8A4758A059FDB10E0F72C307D8A,,0x690B9A9E9aa1C9dB991C7721a92d351Db4FaC990
6066991,493920,0xAE94b62D1D08f02Ce6d08EFBe677ed7564cdDe93,,0x5F927395213ee6b95dE97bDdCb1b2B1C0F16844F
6081234,435382,0xB7f9Db7bFD76Fa939cd72C9E517896e989AdA455,,0xDAFEA492D9c6733ae3d56b7Ed1ADB60692c98Bc5
6087926,262316,0xc4b74Ae89Ef93E683fB4AFba8e118d730313D45A,,0xDAFEA492D9c6733ae3d56b7Ed1ADB60692c98Bc5
6095515,399087,0x2b6fCa9AD7EBd5408dB009f0DF087Ffd934cF98e,,0xf573d99385C05c23B24ed33De616ad16a43a0919
6100611,399949,0x835158b0C68437239f520aE9304aF071F72D2Bb9,,0x1f9090aaE28b8a3dCeaDf281B0F12828e676c326
6104426,487868,0xa2DE30D3BF69d3fc6864eA4db92276B8378f67BF,,0xf573d99385C05c23B24ed33De616ad16a43a0919
6104803,312921,0x17Fa597cEc16Ab63A7ca00Fb351eb4B29Ffa6f46,,0x5F927395213ee6b95dE97bDdCb1b2B1C0F16844F
6105057,431998,0x895F6558f0b02F95F48EF0d580eC885056dcCCC6,,0x95222290DD7278Aa3Ddd389Cc1E1d165CC4BAfe5
6105410,426324,0x7C5d0950584F961f5c1054c88a71B01207Bf9CB7,,0x95222290DD7278Aa3Ddd389Cc1E1d165CC4BAfe5
6106395,411376,0x7C5d0950584F961f5c1054c88a71B01207Bf9CB7,,0x1f9090aaE28b8a3dCeaDf281B0F12828e676c326
6108930,439071,0xacB7CFB56D6835d9E2Fa3E3F273A0450468082D9,,0x1f9090aaE28b8a3dCeaDf281B0F12828e676c326
6109795,482076,0x16a2b3134A136ec9E317dc6Fecae0666F08452F6,,0x199D5ED7F45F4eE35960cF22EAde2076e95B253F
6110161,296819,0x1De3626d6fc2d7c14AF8020B5E8A0c3371D9195D,,0x1f9090aaE28b8a3dCeaDf281B0F12828e676c326
6110321,439042,0xacB7CFB56D6835d9E2Fa3E3F273A0450468082D9,,0x1f9090aaE28b8a3dCeaDf281B0F12828e676c326
6110755,514703,0x8438F39b5f455a4bEaa3276Bd19201A994aE0942,,0x1f9090aaE28b8a3dCeaDf281B0F12828e676c326
6112305,517624,0x22FFBA127F6741a619fa145516EF4D94B90f093A,,0x95222290DD7278Aa3Ddd389Cc1E1d165CC4BAfe5
6113169,484651,0xf37e7b491ba3347639CfFf8A136EB72D93D02504,,0x1f9090aaE28b8a3dCeaDf281B0F12828e676c326
6113347,498041,0xFA7ae9d9fF19d042Ee9d969677ce34472b148861,,0x1f9090aaE28b8a3dCeaDf281B0F12828e676c326
6114529,438972,0xacB7CFB56D6835d9E2Fa3E3F273A0450468082D9,,0x95222290DD7278Aa3Ddd389Cc1E1d165CC4BAfe5
6116340,313461,0x8a7645F1FCc9e2BF45169602B9cEC829975336E7,,0x690B9A9E9aa1C9dB991C7721a92d351Db4FaC990
6116849,312406,0x52e5F0A3fD38a9D73f313Fd0973971b908688649,,0x1f9090aaE28b8a3dCeaDf281B0F12828e676c326
6117795,489846,0xB221399c52686E32F93b5dab6c4C7D3c8B1BBe11,,0x95222290DD7278Aa3Ddd389Cc1E1d165CC4BAfe5
6119447,464726,0xD0e0e81a9c9353FbCeB7490659b9F2f1A07D3218,,0xDAFEA492D9c6733ae3d56b7Ed1ADB60692c98Bc5
6122833,268560,0x0aa21643F1F677bda24e35EA5C8B53cc3ef2E7f6,,0x5F927395213ee6b95dE97bDdCb1b2B1C0F16844F
6123847,268578,0x52e5F0A3fD38a9D73f313Fd0973971b908688649,,0x1f9090aaE28b8a3dCeaDf281B0F12828e676c326
6124727,442922,0xD5418D3289321A68BC70184D1A5240F5154F5C07,,0x199D5ED7F45F4eE35960cF22EAde2076e95B253F
6125025,557173,0xD436434F36be32E7E5ea4035c3B91a725A68887c,,0x1f9090aaE28b8a3dCeaDf281B0F12828e676c326
6125202,443388,0xFbEd2f322c918363F6E663E00e923574027C5231,,0x95222290DD7278Aa3Ddd389Cc1E1d165CC4BAfe5
6126851,496205,0x63A0Cb39ddFf858F608B4708FDC72Be83Ab40b5E,,0x1f9090aaE28b8a3dCeaDf281B0F12828e676c326
6128035,439812,0x7beD6DdfC0279A19C24Ad025c37b7933418ee766,,0x1f9090aaE28b8a3dCeaDf281B0F12828e676c326
6130529,430263,0x663CbbD93B5eE095AC8386C2a301EB1C47D73aA9,,0x1f9090aaE28b8a3dCeaDf281B0F12828e676c326
6130754,329573,0x53236cD988bE5e71ee8e269Cd4F9f4dd4CA37c45,,0x199D5ED7F45F4eE35960cF22EAde2076e95B253F
6130974,261249,0x1EFF6b29320Dd155a0A7F015bdfa80d490902B5D,,0xDAFEA492D9c6733ae3d56b7Ed1ADB60692c98Bc5
6133417,504648,0x22FFBA127F6741a619fa145516EF4D94B90f093A,,0xbd3Afb0bB76683eCb4225F9DBc91f998713C3b01
6133559,512736,0x9Cab29b34d1606e869535fEA17a6Be56EB4e8006,,0x1f9090aaE28b8a3dCeaDf281B0F12828e676c326
6135579,517660,0x22FFBA127F6741a619fa145516EF4D94B90f093A,,0x95222290DD7278Aa3Ddd389Cc1E1d165CC4BAfe5
6139109,481055,0xDf36999a33B1A9d5ED6F34a363bD14E58D4605ce,,0x1f9090aaE28b8a3dCeaDf281B0F12828e676c326
6142818,436213,0xb8ed9ea221bf33d37360A76DDD52bA7b1E66AA5C,,0xDAFEA492D9c6733ae3d56b7Ed1ADB60692c98Bc5
6146607,262958,0x2d2BfE2389B7b3779fa04d101f75a89F6A62DcD6,,0x1f9090aaE28b8a3dCeaDf281B0F12828e676c326
6146839,510315,0x6946d60fa94039b08332fe24E5927b047678AC79,,0x1f9090aaE28b8a3dCeaDf281B0F12828e676c326
6148627,261248,0x9821Af37B0654d992d682892169Ca856f12FC37E,,0x1f9090aaE28b8a3dCeaDf281B0F12828e676c326
6149285,344432,0xd0B79F6d72Bf780c3D00756Bad30331e84784D87,,0x95222290DD7278Aa3Ddd389Cc1E1d165CC4BAfe5
6152994,260649,0xba8C36c0E202F7a9EA0189C3899C8D18123562eB,,0x95222290DD7278Aa3Ddd389Cc1E1d165CC4BAfe5
6153397,489843,0xB221399c52686E32F93b5dab6c4C7D3c8B1BBe11,,0x95222290DD7278Aa3Ddd389Cc1E1d165CC4BAfe5
6155466,314881,0x17Fa597cEc16Ab63A7ca00Fb351eb4B29Ffa6f46,,0x95222290DD7278Aa3Ddd389Cc1E1d165CC4BAfe5
6155708,485224,0x9b864a921b4BF45725aeB00C083B956C7467e67d,,0x1f9090aaE28b8a3dCeaDf281B0F12828e676c326
6156093,488171,0x3Fe0fbaA0BfC6f560cE65d55882cBb12b9Cba21e,,0x1f9090aaE28b8a3dCeaDf281B0F12828e676c326
6156171,440941,0xA7ab5E5DE44e44A281A7Aa0161b84f10eD91E833,,0xDAFEA492D9c6733ae3d56b7Ed1ADB60692c98Bc5
6156571,276118,0xd599981EA55319eF7AA856934104536A4DbeB9a9,,0x95222290DD7278Aa3Ddd389Cc1E1d165CC4BAfe5
6162083,432405,0x895F6558f0b02F95F48EF0d580eC885056dcCCC6,,0x95222290DD7278Aa3Ddd389Cc1E1d165CC4BAfe5
6166819,393467,0xd599981EA55319eF7AA856934104536A4DbeB9a9,,0x1f9090aaE28b8a3dCeaDf281B0F12828e676c326
6167598,449979,0x24a9db8f232948c2f64A4BBD68AC52A2694efa9F,,0x1f9090aaE28b8a3dCeaDf281B0F12828e676c326
6171148,438461,0xf17E433c906e4E0B6F485B2473BaB4935F9cBC3a,,0x95222290DD7278Aa3Ddd389Cc1E1d165CC4BAfe5
6176711,331511,0x78072BA5f77d01B3f5B1098df73176933da02A7A,,0x95222290DD7278Aa3Ddd389Cc1E1d165CC4BAfe5
6176897,291791,0x1De3626d6fc2d7c14AF8020B5E8A0c3371D9195D,,0x95222290DD7278Aa3Ddd389Cc1E1d165CC4BAfe5
6179376,485953,0xb15874BDCBa04d873cBf79bD8F12606e9A5Ca079,,0x95222290DD7278Aa3Ddd389Cc1E1d165CC4BAfe5
6180442,517596,0x22FFBA127F6741a619fa145516EF4D94B90f093A,,0x95222290DD7278Aa3Ddd389Cc1E1d165CC4BAfe5
6180826,466249,0x9A8dc6dcD9fDC7efAdbED3803bf3Cd208C91d7C1,,0x95222290DD7278Aa3Ddd389Cc1E1d165CC4BAfe5
6181602,443040,0xf3813cD7b630b1488e68bA22a145d8C53ec17CbB,,0x1f9090aaE28b8a3dCeaDf281B0F12828e676c326
6182246,396142,0x941F2fF5647A84bdC4E0113800BE32CADed1dE0A,,0xDAFEA492D9c6733ae3d56b7Ed1ADB60692c98Bc5
6182312,473139,0xa5C142E01153b28f5DA63Cd8C118F59765175Bd8,,0x95222290DD7278Aa3Ddd389Cc1E1d165CC4BAfe5
6183958,503501,0x09C2B03c683C058712Ff5E95c0c4BFeAe083db6d,,0x1f9090aaE28b8a3dCeaDf281B0F12828e676c326
6184897,443397,0xFbEd2f322c918363F6E663E00e923574027C5231,,0x95222290DD7278Aa3Ddd389Cc1E1d165CC4BAfe5
6185708,334008,0xFc4605B7046B3Fb512B69ae91918b9305F1C4254,,0xDAFEA492D9c6733ae3d56b7Ed1ADB60692c98Bc5
6187974,438182,0x1F691C24D104B6993F03EB3C36d2Cc95EAa42063,,0x95222290DD7278Aa3Ddd389Cc1E1d165CC4BAfe5
6191364,405760,0x7C5d0950584F961f5c1054c88a71B01207Bf9CB7,,0x1f9090aaE28b8a3dCeaDf281B0F12828e676c326
6191799,395392,0x4ec5FA6a4FfF7Ec823B45dB6d57f2716833e8147,,0x1f9090aaE28b8a3dCeaDf281B0F12828e676c326
6192552,439232,0xacB7CFB56D6835d9E2Fa3E3F273A0450468082D9,,0x95222290DD7278Aa3Ddd389Cc1E1d165CC4BAfe5
6193307,478854,0x327260c50634136551bfE4e4eB082281555AAfAE,,0x95222290DD7278Aa3Ddd389Cc1E1d165CC4BAfe5
6193315,293613,0xf6CD08800f9f571c17DE46D77C1911Cc9b1f3aCf,,0x1f9090aaE28b8a3dCeaDf281B0F12828e676c326
6193503,485968,0x757e12C23934F5Df3d165874f97ABF57aB0a9479,,0x1f9090aaE28b8a3dCeaDf281B0F12828e676c326
6193770,404596,0xDCf6714a2e218Df5B4164aD4d8c5f35D01D9acc4,,0x95222290DD7278Aa3Ddd389Cc1E1d165CC4BAfe5
6193817,546279,0xaE6085F13A114689e92A4b220025ff2cc9EbBf6D,,0x1f9090aaE28b8a3dCeaDf281B0F12828e676c326
6194454,260624,0x8a1Ba5aB6c934B2D6f317451000EE0632507e377,,0x5F927395213ee6b95dE97bDdCb1b2B1C0F16844F
6195792,508640,0x84ba027280cC6cc1e592a01270c5f21A494F46Cb,,0x1f9090aaE28b8a3dCeaDf281B0F12828e676c326
6195874,554239,0xf9A9ddDB41440c0eBcF9BF2F0c9818BCD397244F,,0x1f9090aaE28b8a3dCeaDf281B0F12828e676c326
6196041,551669,0xd714338098Daaf32e46a20fF1293f57EFf04Dcca,,0x199D5ED7F45F4eE35960cF22EAde2076e95B253F
6196251,388772,0x4FCA54bB44AbE853FF884e8b5DE032a2cc058184,,0x1f9090aaE28b8a3dCeaDf281B0F12828e676c326
6196284,472745,0x36F16155CaC97dc8B4654a6143A8B0d276a4963c,,0x95222290DD7278Aa3Ddd389Cc1E1d165CC4BAfe5
6196575,496576,0xD93aeF2867144297802B41E7887C5C0d5b853fED,,0x1f9090aaE28b8a3dCeaDf281B0F12828e676c326
6196653,436120,0x895F6558f0b02F95F48EF0d580eC885056dcCCC6,,0x95222290DD7278Aa3Ddd389Cc1E1d165CC4BAfe5
6196997,525931,0xB81E87018Ec50d17116310c87b36622807581fa6,,0x1f9090aaE28b8a3dCeaDf281B0F12828e676c326
6197260,508386,0xc1A95D5F674F809b80D768c12cAd12fbEB5c370c,,0x199D5ED7F45F4eE35960cF22EAde2076e95B253F
6197315,278087,0xbfaf9BFa09F26EF8104A6d5FF09afdCC9300E5bc,,0x95222290DD7278Aa3Ddd389Cc1E1d165CC4BAfe5
6197516,269024,0x77d04e755AaB7b079a45aB48Ce2dbb30DEF8AeFf,,0x95222290DD7278Aa3Ddd389Cc1E1d165CC4BAfe5
6197672,521835,0xd714338098Daaf32e46a20fF1293f57EFf04Dcca,,0x1f9090aaE28b8a3dCeaDf281B0F12828e676c326
6197778,312109,0xca317A4ecCbe0Dd5832dE2A7407e3c03F88b2CdD,,0x95222290DD7278Aa3Ddd389Cc1E1d165CC4BAfe5
6197779,411395,0x7C5d0950584F961f5c1054c88a71B01207Bf9CB7,,0x1f9090aaE28b8a3dCeaDf281B0F12828e676c326
6197825,411307,0x7C5d0950584F961f5c1054c88a71B01207Bf9CB7,,0x95222290DD7278Aa3Ddd389Cc1E1d165CC4BAfe5
6197881,507360,0x9246f1C4f24868E678Fad180a0859392f8A4791d,,0x95222290DD7278Aa3Ddd389Cc1E1d165CC4BAfe5
6198252,273859,0x215Ee436724deC41bD4ee9CaCB8900D886E02d08,,0x95222290DD7278Aa3Ddd389Cc1E1d165CC4BAfe5
6199197,405845,0x7C5d0950584F961f5c1054c88a71B01207Bf9CB7,,0x1f9090aaE28b8a3dCeaDf281B0F12828e676c326
6200122,502189,0x2999cd1E7fe6C50d63AefA5255809E9B25A96d0f,,0x1f9090aaE28b8a3dCeaDf281B0F12828e676c326
6200253,439099,0xacB7CFB56D6835d9E2Fa3E3F273A0450468082D9,,0x95222290DD7278Aa3Ddd389Cc1E1d165CC4BAfe5
6200469,324859,0x17Fa597cEc16Ab63A7ca00Fb351eb4B29Ffa6f46,,0x1f9090aaE28b8a3dCeaDf281B0F12828e676c326
6200542,432009,0x895F6558f0b02F95F48EF0d580eC885056dcCCC6,,0x1f9090aaE28b8a3dCeaDf281B0F12828e676c326
6200598,302359,0x0F986F18A9875F467cB2E2Ab7e1EaA3A70E74079,,0x95222290DD7278Aa3Ddd389Cc1E1d165CC4BAfe5
6201542,428289,0x0f66BaC4f971bfbD7C931de75A8ED753Bb52Dc2F,,0x1f9090aaE28b8a3dCeaDf281B0F12828e676c326
6201681,543671,0x22FFBA127F6741a619fa145516EF4D94B90f093A,,0x95222290DD7278Aa3Ddd389Cc1E1d165CC4BAfe5
6202017,418452,0xDF1aa393D35EdB09E48D5d8f7dbdF82f9e3684ef,,0xf573d99385C05c23B24ed33De616ad16a43a0919
6203828,364604,0xCf41178e0cAE221AC0f9392e5042b5bCf83486d7,,0x1f9090aaE28b8a3dCeaDf281B0F12828e676c326
6206542,471605,0x8AF2565bE72735484c1114a856B5C96735db1eD6,,0x95222290DD7278Aa3Ddd389Cc1E1d165CC4BAfe5
6206545,257568,0x5DEaB7820FD92AC0ac57910847e83d395fF21EEc,,0x1f9090aaE28b8a3dCeaDf281B0F12828e676c326
6207352,500107,0xa81a518F5E227E4C9f3ffE5E2c6a039fd280b8A2,,0x1f9090aaE28b8a3dCeaDf281B0F12828e676c326
6207362,480543,0xa69be69A020E4D696cA6e7a874539EE10B738691,,0xBaF6dC2E647aeb6F510f9e318856A1BCd66C5e19
6207778,521959,0x5555CFde0932C1f8Eff8B1F33BE4C1AAbeDf5D78,,0x199D5ED7F45F4eE35960cF22EAde2076e95B253F
6208035,467767,0x4fBd2F3D84e2A5826dEce41578E31f089048cb60,,0x5F927395213ee6b95dE97bDdCb1b2B1C0F16844F
6209610,296817,0x1De3626d6fc2d7c14AF8020B5E8A0c3371D9195D,bloXroute Max Profit:0x1f9090aaE28b8a3dCeaDf281B0F12828e676c326,0xf68e2B1FaB9469ff2177912AD330c019D62E374e
6228289,547473,0x986b3293c5BaDeC36C6d8c652b0Ba6A82Ef5237b,,0x95222290DD7278Aa3Ddd389Cc1E1d165CC4BAfe5
6236617,522909,0xFCe9C76d05c5bE79eE550C6718d907b36de5172F,,0xDAFEA492D9c6733ae3d56b7Ed1ADB60692c98Bc5
6241651,496506,0xD02e4cA21CcdD67fbB9dD0881414F20dB499cA11,,0xF2f5C73fa04406b1995e397B55c24aB1f3eA726C
6242560,400089,0x7579DdC282aAb7fCB5C5F25b8aD51086b98e5F8d,,0x1f9090aaE28b8a3dCeaDf281B0F12828e676c326
6244553,324998,0xE35854CdE18A3cC4706134b4850Dd861a55B9A30,,0xDAFEA492D9c6733ae3d56b7Ed1ADB60692c98Bc5
6246052,261372,0x78a47e8041f0F34b52dDfD55ed0d4Fc8c0435995,,0xf573d99385C05c23B24ed33De616ad16a43a0919
6248508,313110,0x17Fa597cEc16Ab63A7ca00Fb351eb4B29Ffa6f46,,0xCE0BaBc8398144Aa98D9210d595E3A9714910748
6258862,273502,0xAAF39a9D51B27d8160FBBE24999Cc501caFa8754,,0x690B9A9E9aa1C9dB991C7721a92d351Db4FaC990
6263584,298905,0x1De3626d6fc2d7c14AF8020B5E8A0c3371D9195D,,0xDAFEA492D9c6733ae3d56b7Ed1ADB60692c98Bc5
6271839,264799,0x5945459c5201e21Ff409C9608600D0c0d5f91635,,0x33894ea0C25295cB48068019d999A9E190540BF7
6276544,498678,0xDd677B8375c170201764A5d415861Fb36Da5b5E3,,0x1f9090aaE28b8a3dCeaDf281B0F12828e676c326
6284817,562828,0xEda174818b4Ef8E3749b5e5235141fe370F4821b,,0xDAFEA492D9c6733ae3d56b7Ed1ADB60692c98Bc5
6296131,518396,0x68d3081e20321c2386d038B688b045093f647e87,,0xDAFEA492D9c6733ae3d56b7Ed1ADB60692c98Bc5
6309359,262472,0xfD3D8DeA632a6f69dff460BFE351426EA190e6A7,,0x95222290DD7278Aa3Ddd389Cc1E1d165CC4BAfe5
6351598,428725,0x8686Ed754F0c75afB97918EC97d78E5b2ec6595B,,0x95222290DD7278Aa3Ddd389Cc1E1d165CC4BAfe5
6364543,267545,0x8d6B5AA8755FbD93dd02c1Fbebd7A5C4cB3c7E8C,,0x95222290DD7278Aa3Ddd389Cc1E1d165CC4BAfe5
6364584,313000,0x17Fa597cEc16Ab63A7ca00Fb351eb4B29Ffa6f46,,0xDAFEA492D9c6733ae3d56b7Ed1ADB60692c98Bc5
6364738,502584,0xCc00b35a6bb67C54B174058C809Ec838f360Dd88,,0x95222290DD7278Aa3Ddd389Cc1E1d165CC4BAfe5
6364775,445458,0xae9B9265e685C5eA54aBa272CA648f25D0b5A4C3,,0xDAFEA492D9c6733ae3d56b7Ed1ADB60692c98Bc5
6369361,75257,0xFaaDf0C804689Af0571f269eeA8073A196f891F7,,0x1f9090aaE28b8a3dCeaDf281B0F12828e676c326
6372359,260555,0x5Bd353C49fe776b9Bd0661c1D86ADe344d88D416,,0xDAFEA492D9c6733ae3d56b7Ed1ADB60692c98Bc5
6374883,464711,0x78072BA5f77d01B3f5B1098df73176933da02A7A,,0x95222290DD7278Aa3Ddd389Cc1E1d165CC4BAfe5
6376024,200006,0xAAF39a9D51B27d8160FBBE24999Cc501caFa8754,Ultra Sound:0x2Fd26e4Afc3a6e075090d88ef477fCad01A213EA,0x690B9A9E9aa1C9dB991C7721a92d351Db4FaC990
6380575,454805,0x98e8160A0003288d1777E79d70a0aaB309C789cE,,0xf573d99385C05c23B24ed33De616ad16a43a0919
6383029,434668,0x78072BA5f77d01B3f5B1098df73176933da02A7A,,0x690B9A9E9aa1C9dB991C7721a92d351Db4FaC990
6387353,260900,0x9e43d1a488a2b3E0d5Bf8e0f4201b057f5Bb4391,,0x95222290DD7278Aa3Ddd389Cc1E1d165CC4BAfe5
6394833,335061,0x45beA5Da5d62FB0C9E761f330E244C9C1553EB78,Ultra Sound:0x45beA5Da5d62FB0C9E761f330E244C9C1553EB78,0xbd3Afb0bB76683eCb4225F9DBc91f998713C3b01
6398416,438399,0x24a9db8f232948c2f64A4BBD68AC52A2694efa9F,Flashbots:0x0E37d735CB4323B3fB2e08f3C5B8CccB279de9A7,0xDAFEA492D9c6733ae3d56b7Ed1ADB60692c98Bc5
6400067,562829,0xEda174818b4Ef8E3749b5e5235141fe370F4821b,,0x95222290DD7278Aa3Ddd389Cc1E1d165CC4BAfe5
6405540,581942,0xb15874BDCBa04d873cBf79bD8F12606e9A5Ca079,,0xFeebabE6b0418eC13b30aAdF129F5DcDd4f70CeA
6406692,587150,0x5Bd353C49fe776b9Bd0661c1D86ADe344d88D416,,0x690B9A9E9aa1C9dB991C7721a92d351Db4FaC990
6414765,583110,0xaCfAd9f0D80F74aD7E280A55eA025f4f09844B0F,,0xDAFEA492D9c6733ae3d56b7Ed1ADB60692c98Bc5
6417660,517669,0x22FFBA127F6741a619fa145516EF4D94B90f093A,,0x690B9A9E9aa1C9dB991C7721a92d351Db4FaC990
6417917,543675,0x22FFBA127F6741a619fa145516EF4D94B90f093A,,0x95222290DD7278Aa3Ddd389Cc1E1d165CC4BAfe5
6418309,438637,0x78072BA5f77d01B3f5B1098df73176933da02A7A,,0x95222290DD7278Aa3Ddd389Cc1E1d165CC4BAfe5
6420739,583647,0x49C0A3c307b5A8Ea3403892D5Bc9027b6cC2343F,,0xFeebabE6b0418eC13b30aAdF129F5DcDd4f70CeA
6425634,517601,0x22FFBA127F6741a619fa145516EF4D94B90f093A,,0x690B9A9E9aa1C9dB991C7721a92d351Db4FaC990
6426706,504288,0x22FFBA127F6741a619fa145516EF4D94B90f093A,,0x95222290DD7278Aa3Ddd389Cc1E1d165CC4BAfe5
6435888,517600,0x22FFBA127F6741a619fa145516EF4D94B90f093A,,0x690B9A9E9aa1C9dB991C7721a92d351Db4FaC990
6451512,517598,0x22FFBA127F6741a619fa145516EF4D94B90f093A,,0x95222290DD7278Aa3Ddd389Cc1E1d165CC4BAfe5
6452284,1881,0x605d458e4FB302bd8eCBE1925F9e58e9298D6Ea4,,0x95222290DD7278Aa3Ddd389Cc1E1d165CC4BAfe5
6453670,517632,0x22FFBA127F6741a619fa145516EF4D94B90f093A,,0x95222290DD7278Aa3Ddd389Cc1E1d165CC4BAfe5
6453671,583108,0xaCfAd9f0D80F74aD7E280A55eA025f4f09844B0F,,0xDAFEA492D9c6733ae3d56b7Ed1ADB60692c98Bc5
6453985,504274,0x22FFBA127F6741a619fa145516EF4D94B90f093A,,0x690B9A9E9aa1C9dB991C7721a92d351Db4FaC990
6456915,488603,0x126a930B3a0F4FB22407a8CDC8a1cBAAf9d86874,,0x95222290DD7278Aa3Ddd389Cc1E1d165CC4BAfe5
6459021,592271,0x605d458e4FB302bd8eCBE1925F9e58e9298D6Ea4,,0xDAFEA492D9c6733ae3d56b7Ed1ADB60692c98Bc5
6467149,543659,0x22FFBA127F6741a619fa145516EF4D94B90f093A,,0xDAFEA492D9c6733ae3d56b7Ed1ADB60692c98Bc5
6468114,504696,0x22FFBA127F6741a619fa145516EF4D94B90f093A,,0x690B9A9E9aa1C9dB991C7721a92d351Db4FaC990
6469859,426302,0x663CbbD93B5eE095AC8386C2a301EB1C47D73aA9,,0x95222290DD7278Aa3Ddd389Cc1E1d165CC4BAfe5
6474038,457606,0x7Cebbe93e945d5c01112C3C999a4607E9f49177F,,0x1f9090aaE28b8a3dCeaDf281B0F12828e676c326
6478783,405309,0x4892E52502CFdD675BeE1C26F5E4b76e2Aca84ba,,0xae78736Cd615f374D3085123A210448E74Fc6393
6480038,426298,0x663CbbD93B5eE095AC8386C2a301EB1C47D73aA9,,0x1f9090aaE28b8a3dCeaDf281B0F12828e676c326
6484287,435280,0x895F6558f0b02F95F48EF0d580eC885056dcCCC6,,0xFeebabE6b0418eC13b30aAdF129F5DcDd4f70CeA
6486507,405655,0xBfC76C6eDC762d0E2885371A8FF32776DF05B8E1,,0x1eB2c1C11eb07E374fb447D65655Bd3223Df19EC
6487909,260900,0x9e43d1a488a2b3E0d5Bf8e0f4201b057f5Bb4391,,0x1f9090aaE28b8a3dCeaDf281B0F12828e676c326
6488526,432046,0x895F6558f0b02F95F48EF0d580eC885056dcCCC6,,0xDAFEA492D9c6733ae3d56b7Ed1ADB60692c98Bc5
6491169,405785,0x7C5d0950584F961f5c1054c88a71B01207Bf9CB7,,0x95222290DD7278Aa3Ddd389Cc1E1d165CC4BAfe5
6491248,386524,0xB498446d6B701407fed1F34a1A7328df3Aa32308,Ultra Sound:0xE7Df71892472A4Fb0B61F696Ac0872c0B58E678f,0xDAFEA492D9c6733ae3d56b7Ed1ADB60692c98Bc5
6493098,433934,0x895F6558f0b02F95F48EF0d580eC885056dcCCC6,,0x690B9A9E9aa1C9dB991C7721a92d351Db4FaC990
6498040,436122,0x895F6558f0b02F95F48EF0d580eC885056dcCCC6,,0x690B9A9E9aa1C9dB991C7721a92d351Db4FaC990
6500333,591307,0xD0801241cf78db13EfEeC55Ca977f78AAA3Fc260,,0x690B9A9E9aa1C9dB991C7721a92d351Db4FaC990
6500491,435287,0x895F6558f0b02F95F48EF0d580eC885056dcCCC6,,0x690B9A9E9aa1C9dB991C7721a92d351Db4FaC990
6500809,395822,0x663CbbD93B5eE095AC8386C2a301EB1C47D73aA9,,0x690B9A9E9aa1C9dB991C7721a92d351Db4FaC990
6502700,583119,0xaCfAd9f0D80F74aD7E280A55eA025f4f09844B0F,,0xDAFEA492D9c6733ae3d56b7Ed1ADB60692c98Bc5
6506162,312979,0x9e43d1a488a2b3E0d5Bf8e0f4201b057f5Bb4391,,0x95222290DD7278Aa3Ddd389Cc1E1d165CC4BAfe5
6508714,432005,0x895F6558f0b02F95F48EF0d580eC885056dcCCC6,,0x690B9A9E9aa1C9dB991C7721a92d351Db4FaC990
6511018,543681,0x22FFBA127F6741a619fa145516EF4D94B90f093A,,0xDAFEA492D9c6733ae3d56b7Ed1ADB60692c98Bc5
6511744,533615,0x22FFBA127F6741a619fa145516EF4D94B90f093A,,0xFeebabE6b0418eC13b30aAdF129F5DcDd4f70CeA
6512326,430365,0x663CbbD93B5eE095AC8386C2a301EB1C47D73aA9,,0x95222290DD7278Aa3Ddd389Cc1E1d165CC4BAfe5
6516179,433972,0x895F6558f0b02F95F48EF0d580eC885056dcCCC6,,0x1f9090aaE28b8a3dCeaDf281B0F12828e676c326
6521259,584990,0xaCfAd9f0D80F74aD7E280A55eA025f4f09844B0F,,0x95222290DD7278Aa3Ddd389Cc1E1d165CC4BAfe5
6521923,433966,0x895F6558f0b02F95F48EF0d580eC885056dcCCC6,,0x5124fcC2B3F99F571AD67D075643C743F38f1C34
6523574,395791,0x663CbbD93B5eE095AC8386C2a301EB1C47D73aA9,,0x95222290DD7278Aa3Ddd389Cc1E1d165CC4BAfe5
6528845,583876,0x84CF8A46e6F77dBC6A33855320d68f7A1698C528,,0x1f9090aaE28b8a3dCeaDf281B0F12828e676c326
6529953,431996,0x895F6558f0b02F95F48EF0d580eC885056dcCCC6,,0x690B9A9E9aa1C9dB991C7721a92d351Db4FaC990
6531985,425525,0x8990D7555Fee1e164b8CB09A6fA51Aa616f32618,,0x1f9090aaE28b8a3dCeaDf281B0F12828e676c326
6533853,432400,0x895F6558f0b02F95F48EF0d580eC885056dcCCC6,,0xDAFEA492D9c6733ae3d56b7Ed1ADB60692c98Bc5
6534412,411369,0x7C5d0950584F961f5c1054c88a71B01207Bf9CB7,,0x95222290DD7278Aa3Ddd389Cc1E1d165CC4BAfe5
6534969,517449,0xD02e4cA21CcdD67fbB9dD0881414F20dB499cA11,,0x1f9090aaE28b8a3dCeaDf281B0F12828e676c326
6535053,598274,0x92D6C2f25f5BF54824f3fFE27355cfF9a9C5C248,,0x4838B106FCe9647Bdf1E7877BF73cE8B0BAD5f97
6535055,312971,0x9e43d1a488a2b3E0d5Bf8e0f4201b057f5Bb4391,,0x690B9A9E9aa1C9dB991C7721a92d351Db4FaC990
6537730,438392,0x24a9db8f232948c2f64A4BBD68AC52A2694efa9F,bloXroute Max Profit:0x0E37d735CB4323B3fB2e08f3C5B8CccB279de9A7,0x95222290DD7278Aa3Ddd389Cc1E1d165CC4BAfe5
6538670,533619,0x22FFBA127F6741a619fa145516EF4D94B90f093A,,0x95222290DD7278Aa3Ddd389Cc1E1d165CC4BAfe5
6538990,474565,0x0ea4f14f39206A4D7d47DeE3d3ebba18694430a9,,0x1f9090aaE28b8a3dCeaDf281B0F12828e676c326
6539928,595254,0x9A8dc6dcD9fDC7efAdbED3803bf3Cd208C91d7C1,,0x1f9090aaE28b8a3dCeaDf281B0F12828e676c326
6540453,583111,0xaCfAd9f0D80F74aD7E280A55eA025f4f09844B0F,,0x95222290DD7278Aa3Ddd389Cc1E1d165CC4BAfe5
6542276,261368,0x15A0fA3E4c96527b8dA81cA5De6115BeEF7d65Bc,,0x1f9090aaE28b8a3dCeaDf281B0F12828e676c326
6548249,562885,0xaCfAd9f0D80F74aD7E280A55eA025f4f09844B0F,,0x5124fcC2B3F99F571AD67D075643C743F38f1C34
6549258,592358,0xFCe9C76d05c5bE79eE550C6718d907b36de5172F,,0x690B9A9E9aa1C9dB991C7721a92d351Db4FaC990
6554085,395789,0x663CbbD93B5eE095AC8386C2a301EB1C47D73aA9,,0x1f9090aaE28b8a3dCeaDf281B0F12828e676c326
6558398,395792,0x663CbbD93B5eE095AC8386C2a301EB1C47D73aA9,,0x95222290DD7278Aa3Ddd389Cc1E1d165CC4BAfe5
6562049,439083,0xacB7CFB56D6835d9E2Fa3E3F273A0450468082D9,,0x690B9A9E9aa1C9dB991C7721a92d351Db4FaC990
6563679,439040,0xacB7CFB56D6835d9E2Fa3E3F273A0450468082D9,,0x690B9A9E9aa1C9dB991C7721a92d351Db4FaC990
6568947,583897,0xB3FCDA8a883E22cE699B320cD33034894a6f9f35,,0x690B9A9E9aa1C9dB991C7721a92d351Db4FaC990
6580975,584987,0xD0801241cf78db13EfEeC55Ca977f78AAA3Fc260,,0x95222290DD7278Aa3Ddd389Cc1E1d165CC4BAfe5
6581818,435862,0x895F6558f0b02F95F48EF0d580eC885056dcCCC6,,0x95222290DD7278Aa3Ddd389Cc1E1d165CC4BAfe5
6588530,430356,0x663CbbD93B5eE095AC8386C2a301EB1C47D73aA9,,0x690B9A9E9aa1C9dB991C7721a92d351Db4FaC990
6589655,517670,0x22FFBA127F6741a619fa145516EF4D94B90f093A,,0xFeebabE6b0418eC13b30aAdF129F5DcDd4f70CeA
6590892,583111,0xaCfAd9f0D80F74aD7E280A55eA025f4f09844B0F,,0xDAFEA492D9c6733ae3d56b7Ed1ADB60692c98Bc5
6594167,583105,0xaCfAd9f0D80F74aD7E280A55eA025f4f09844B0F,,0xDAFEA492D9c6733ae3d56b7Ed1ADB60692c98Bc5
6595292,438984,0xacB7CFB56D6835d9E2Fa3E3F273A0450468082D9,,0x95222290DD7278Aa3Ddd389Cc1E1d165CC4BAfe5
6601094,405843,0x7C5d0950584F961f5c1054c88a71B01207Bf9CB7,,0x690B9A9E9aa1C9dB991C7721a92d351Db4FaC990
6601648,271077,0x5A18CD87482Cd5c2eb9D77544F7cB01a2b881c92,,0x95222290DD7278Aa3Ddd389Cc1E1d165CC4BAfe5
6614722,422019,0x663CbbD93B5eE095AC8386C2a301EB1C47D73aA9,,0x4838B106FCe9647Bdf1E7877BF73cE8B0BAD5f97
6619821,313366,0x9e43d1a488a2b3E0d5Bf8e0f4201b057f5Bb4391,,0x690B9A9E9aa1C9dB991C7721a92d351Db4FaC990
6632704,562838,0xEda174818b4Ef8E3749b5e5235141fe370F4821b,,0x690B9A9E9aa1C9dB991C7721a92d351Db4FaC990
6632912,590440,0xa390241dcbCaC7CEaD6b347043F0369E442b0c4d,,0x690B9A9E9aa1C9dB991C7721a92d351Db4FaC990
6633223,543677,0x22FFBA127F6741a619fa145516EF4D94B90f093A,,0xFeebabE6b0418eC13b30aAdF129F5DcDd4f70CeA
6634478,586281,0x2b6fCa9AD7EBd5408dB009f0DF087Ffd934cF98e,,0xf573d99385C05c23B24ed33De616ad16a43a0919
6637376,431993,0x895F6558f0b02F95F48EF0d580eC885056dcCCC6,,0xFeebabE6b0418eC13b30aAdF129F5DcDd4f70CeA
6639556,335061,0x45beA5Da5d62FB0C9E761f330E244C9C1553EB78,Ultra Sound:0x45beA5Da5d62FB0C9E761f330E244C9C1553EB78,0x45beA5Da5d62FB0C9E761f330E244C9C1553EB78
6649545,517602,0x22FFBA127F6741a619fa145516EF4D94B90f093A,,0x1f9090aaE28b8a3dCeaDf281B0F12828e676c326
6652536,591193,0xFCe9C76d05c5bE79eE550C6718d907b36de5172F,,0x690B9A9E9aa1C9dB991C7721a92d351Db4FaC990
6654369,439023,0xacB7CFB56D6835d9E2Fa3E3F273A0450468082D9,,0x1f9090aaE28b8a3dCeaDf281B0F12828e676c326
6663733,335061,0x45beA5Da5d62FB0C9E761f330E244C9C1553EB78,,0x45beA5Da5d62FB0C9E761f330E244C9C1553EB78
6671739,450780,0x39cB89A82B401FA4941F304A3cdBdc1C51C77761,,0xf573d99385C05c23B24ed33De616ad16a43a0919
6688123,405309,0x4892E52502CFdD675BeE1C26F5E4b76e2Aca84ba,,0xf573d99385C05c23B24ed33De616ad16a43a0919
6691517,9588,0xFaaDf0C804689Af0571f269eeA8073A196f891F7,,0x95222290DD7278Aa3Ddd389Cc1E1d165CC4BAfe5
6692234,411318,0x7C5d0950584F961f5c1054c88a71B01207Bf9CB7,,0xFeebabE6b0418eC13b30aAdF129F5DcDd4f70CeA
6700686,405765,0x7C5d0950584F961f5c1054c88a71B01207Bf9CB7,,0x690B9A9E9aa1C9dB991C7721a92d351Db4FaC990
6703775,596019,0x78a47e8041f0F34b52dDfD55ed0d4Fc8c0435995,,0xf573d99385C05c23B24ed33De616ad16a43a0919
6705028,264206,0x78a47e8041f0F34b52dDfD55ed0d4Fc8c0435995,,0xf573d99385C05c23B24ed33De616ad16a43a0919
6711268,600142,0xc5DbFAf13F8B0BaC6DEF344FbbCFef06aC84eef9,,0x6b333B20fBae3c5c0969dd02176e30802e2fbBdB
6712058,395765,0x663CbbD93B5eE095AC8386C2a301EB1C47D73aA9,,0x690B9A9E9aa1C9dB991C7721a92d351Db4FaC990
6713740,399540,0x663CbbD93B5eE095AC8386C2a301EB1C47D73aA9,,0xFeebabE6b0418eC13b30aAdF129F5DcDd4f70CeA
6714488,591315,0x195e5BbcF011398fD599A11440A713181D4cf661,,0xf573d99385C05c23B24ed33De616ad16a43a0919
6717171,469540,0xa390241dcbCaC7CEaD6b347043F0369E442b0c4d,,0x1f9090aaE28b8a3dCeaDf281B0F12828e676c326
6718741,596019,0x78a47e8041f0F34b52dDfD55ed0d4Fc8c0435995,,0xf573d99385C05c23B24ed33De616ad16a43a0919
6721038,604550,0x5280B7aD2aFF8872C4110A0EA2E919c616F55D19,,0xf573d99385C05c23B24ed33De616ad16a43a0919
6721523,399086,0x2b6fCa9AD7EBd5408dB009f0DF087Ffd934cF98e,,0xf573d99385C05c23B24ed33De616ad16a43a0919
6722530,439162,0xacB7CFB56D6835d9E2Fa3E3F273A0450468082D9,,0x95222290DD7278Aa3Ddd389Cc1E1d165CC4BAfe5
6723465,399075,0x2b6fCa9AD7EBd5408dB009f0DF087Ffd934cF98e,,0xf573d99385C05c23B24ed33De616ad16a43a0919
6725016,263695,0x78a47e8041f0F34b52dDfD55ed0d4Fc8c0435995,,0xf573d99385C05c23B24ed33De616ad16a43a0919
6725133,517659,0x22FFBA127F6741a619fa145516EF4D94B90f093A,,0x95222290DD7278Aa3Ddd389Cc1E1d165CC4BAfe5
6727215,616421,0xb8d3ca6ab51f106690c7Db06d3382bbBBda4AA42,,0xf573d99385C05c23B24ed33De616ad16a43a0919
6728991,592364,0xFCe9C76d05c5bE79eE550C6718d907b36de5172F,,0xDAFEA492D9c6733ae3d56b7Ed1ADB60692c98Bc5
6730236,405846,0x7C5d0950584F961f5c1054c88a71B01207Bf9CB7,,0x333333f332a06ECB5D20D35da44ba07986D6E203
6733512,439028,0xacB7CFB56D6835d9E2Fa3E3F273A0450468082D9,,0x95222290DD7278Aa3Ddd389Cc1E1d165CC4BAfe5
6734511,439006,0xacB7CFB56D6835d9E2Fa3E3F273A0450468082D9,,0x1f9090aaE28b8a3dCeaDf281B0F12828e676c326
6738606,586272,0x2b6fCa9AD7EBd5408dB009f0DF087Ffd934cF98e,,0xf573d99385C05c23B24ed33De616ad16a43a0919
6741751,430521,0x7C5d0950584F961f5c1054c88a71B01207Bf9CB7,,0x95222290DD7278Aa3Ddd389Cc1E1d165CC4BAfe5
6742738,654023,0xc5DbFAf13F8B0BaC6DEF344FbbCFef06aC84eef9,,0x6b333B20fBae3c5c0969dd02176e30802e2fbBdB
6746350,399087,0x2b6fCa9AD7EBd5408dB009f0DF087Ffd934cF98e,,0xf573d99385C05c23B24ed33De616ad16a43a0919
6750925,581954,0x2F6c780D9d70536c636a19cf33BB620413c4b51B,,0x1f9090aaE28b8a3dCeaDf281B0F12828e676c326
6751245,502583,0xCc00b35a6bb67C54B174058C809Ec838f360Dd88,,0x1f9090aaE28b8a3dCeaDf281B0F12828e676c326
6753612,594955,0xD0801241cf78db13EfEeC55Ca977f78AAA3Fc260,,0xDAFEA492D9c6733ae3d56b7Ed1ADB60692c98Bc5
6754434,433974,0x895F6558f0b02F95F48EF0d580eC885056dcCCC6,,0x690B9A9E9aa1C9dB991C7721a92d351Db4FaC990
6756770,399512,0x663CbbD93B5eE095AC8386C2a301EB1C47D73aA9,,0x1f9090aaE28b8a3dCeaDf281B0F12828e676c326
6756834,395827,0x663CbbD93B5eE095AC8386C2a301EB1C47D73aA9,,0x690B9A9E9aa1C9dB991C7721a92d351Db4FaC990
6765138,261347,0x78a47e8041f0F34b52dDfD55ed0d4Fc8c0435995,,0xf573d99385C05c23B24ed33De616ad16a43a0919
6770685,399086,0x2b6fCa9AD7EBd5408dB009f0DF087Ffd934cF98e,,0xf573d99385C05c23B24ed33De616ad16a43a0919
6770963,586273,0x2b6fCa9AD7EBd5408dB009f0DF087Ffd934cF98e,,0xf573d99385C05c23B24ed33De616ad16a43a0919
6774924,517612,0x22FFBA127F6741a619fa145516EF4D94B90f093A,,0x690B9A9E9aa1C9dB991C7721a92d351Db4FaC990
6775758,439198,0xacB7CFB56D6835d9E2Fa3E3F273A0450468082D9,,0x95222290DD7278Aa3Ddd389Cc1E1d165CC4BAfe5
6780994,586282,0x2b6fCa9AD7EBd5408dB009f0DF087Ffd934cF98e,,0xf573d99385C05c23B24ed33De616ad16a43a0919
6782940,502578,0xCc00b35a6bb67C54B174058C809Ec838f360Dd88,,0x690B9A9E9aa1C9dB991C7721a92d351Db4FaC990
6786960,592271,0x605d458e4FB302bd8eCBE1925F9e58e9298D6Ea4,,0x690B9A9E9aa1C9dB991C7721a92d351Db4FaC990
6796184,358805,0x2b6fCa9AD7EBd5408dB009f0DF087Ffd934cF98e,,0xf573d99385C05c23B24ed33De616ad16a43a0919
6796314,575220,0x605d458e4FB302bd8eCBE1925F9e58e9298D6Ea4,,0x95222290DD7278Aa3Ddd389Cc1E1d165CC4BAfe5
6800155,612922,0x605d458e4FB302bd8eCBE1925F9e58e9298D6Ea4,,0xCE0BaBc8398144Aa98D9210d595E3A9714910748
6802754,411356,0x7C5d0950584F961f5c1054c88a71B01207Bf9CB7,,0x95222290DD7278Aa3Ddd389Cc1E1d165CC4BAfe5
6807995,615886,0xa2DE30D3BF69d3fc6864eA4db92276B8378f67BF,,0xf573d99385C05c23B24ed33De616ad16a43a0919
6811128,266888,0xCc00b35a6bb67C54B174058C809Ec838f360Dd88,,0x95222290DD7278Aa3Ddd389Cc1E1d165CC4BAfe5
6814282,434317,0x895F6558f0b02F95F48EF0d580eC885056dcCCC6,,0x95222290DD7278Aa3Ddd389Cc1E1d165CC4BAfe5
6821942,405309,0x4892E52502CFdD675BeE1C26F5E4b76e2Aca84ba,,0xf573d99385C05c23B24ed33De616ad16a43a0919
6823673,261334,0x78a47e8041f0F34b52dDfD55ed0d4Fc8c0435995,,0xf573d99385C05c23B24ed33De616ad16a43a0919
6831588,395759,0x663CbbD93B5eE095AC8386C2a301EB1C47D73aA9,,0x5124fcC2B3F99F571AD67D075643C743F38f1C34
6832781,438975,0xdCc67F9197b797140654Dd46E84E1b03D956927b,,0xf573d99385C05c23B24ed33De616ad16a43a0919
6839191,403549,0x75224e800636c3D397bADb4D7c544e09aDDd8E0A,,0xf573d99385C05c23B24ed33De616ad16a43a0919
6840772,411348,0x7C5d0950584F961f5c1054c88a71B01207Bf9CB7,,0x690B9A9E9aa1C9dB991C7721a92d351Db4FaC990
6847158,439241,0xacB7CFB56D6835d9E2Fa3E3F273A0450468082D9,,0x95222290DD7278Aa3Ddd389Cc1E1d165CC4BAfe5
6852794,592197,0xB0a2Ef3c7680A265692252D212440C7326Ea1792,,0xf573d99385C05c23B24ed33De616ad16a43a0919
6858361,583111,0xaCfAd9f0D80F74aD7E280A55eA025f4f09844B0F,,0x690B9A9E9aa1C9dB991C7721a92d351Db4FaC990
6866670,504655,0x22FFBA127F6741a619fa145516EF4D94B90f093A,,0x5124fcC2B3F99F571AD67D075643C743F38f1C34
6868618,583666,0xbd14bB00cfcb670A5187Da2062c94d1E5d2f0169,,0xf573d99385C05c23B24ed33De616ad16a43a0919
6873574,1323,0xB0a2Ef3c7680A265692252D212440C7326Ea1792,,0xf573d99385C05c23B24ed33De616ad16a43a0919
6874334,596028,0x78a47e8041f0F34b52dDfD55ed0d4Fc8c0435995,,0xf573d99385C05c23B24ed33De616ad16a43a0919
6875621,596025,0x78a47e8041f0F34b52dDfD55ed0d4Fc8c0435995,,0xf573d99385C05c23B24ed33De616ad16a43a0919
6876643,268561,0x75224e800636c3D397bADb4D7c544e09aDDd8E0A,,0xf573d99385C05c23B24ed33De616ad16a43a0919
6878928,627588,0xD0801241cf78db13EfEeC55Ca977f78AAA3Fc260,,0x690B9A9E9aa1C9dB991C7721a92d351Db4FaC990
6881360,454805,0x98e8160A0003288d1777E79d70a0aaB309C789cE,,0xf573d99385C05c23B24ed33De616ad16a43a0919
6882787,399089,0x2b6fCa9AD7EBd5408dB009f0DF087Ffd934cF98e,,0xf573d99385C05c23B24ed33De616ad16a43a0919
6890306,438995,0xacB7CFB56D6835d9E2Fa3E3F273A0450468082D9,,0xFeebabE6b0418eC13b30aAdF129F5DcDd4f70CeA
6894537,346136,0x547E07494EC48dD3A968964E70696D79ccA9eb97,,0x5124fcC2B3F99F571AD67D075643C743F38f1C34
6897238,550385,0xB9b38eceF3c103B3A3332B7995C7A7E1c0d50e48,,0x690B9A9E9aa1C9dB991C7721a92d351Db4FaC990
6899409,591194,0xFCe9C76d05c5bE79eE550C6718d907b36de5172F,,0x95222290DD7278Aa3Ddd389Cc1E1d165CC4BAfe5
6900635,583884,0xB3FCDA8a883E22cE699B320cD33034894a6f9f35,,0x95222290DD7278Aa3Ddd389Cc1E1d165CC4BAfe5
6900774,395778,0x663CbbD93B5eE095AC8386C2a301EB1C47D73aA9,,0x690B9A9E9aa1C9dB991C7721a92d351Db4FaC990
6902146,395829,0x663CbbD93B5eE095AC8386C2a301EB1C47D73aA9,,0x5124fcC2B3F99F571AD67D075643C743F38f1C34
6903152,403335,0xa390241dcbCaC7CEaD6b347043F0369E442b0c4d,,0x5124fcC2B3F99F571AD67D075643C743F38f1C34
6904972,399080,0x2b6fCa9AD7EBd5408dB009f0DF087Ffd934cF98e,,0xf573d99385C05c23B24ed33De616ad16a43a0919
6907308,583107,0xaCfAd9f0D80F74aD7E280A55eA025f4f09844B0F,,0xDAFEA492D9c6733ae3d56b7Ed1ADB60692c98Bc5
6910766,1438,0x605d458e4FB302bd8eCBE1925F9e58e9298D6Ea4,,0x4838B106FCe9647Bdf1E7877BF73cE8B0BAD5f97
6913879,546264,0x9e43d1a488a2b3E0d5Bf8e0f4201b057f5Bb4391,,0x5124fcC2B3F99F571AD67D075643C743F38f1C34
6917004,411396,0x7C5d0950584F961f5c1054c88a71B01207Bf9CB7,,0x95222290DD7278Aa3Ddd389Cc1E1d165CC4BAfe5
6920241,424847,0x1A7d31ceC3EDF4b1CA4641fD66FB54f2ff5e64cA,Ultra Sound:0x9Ede904Bc383cb4B834B6Ef3307BD995e633c0c2,0x9Ede904Bc383cb4B834B6Ef3307BD995e633c0c2
6920597,586287,0x2b6fCa9AD7EBd5408dB009f0DF087Ffd934cF98e,,0xf573d99385C05c23B24ed33De616ad16a43a0919
6926245,618820,0xF3B06771c0b76b0d52fCb74b5e924745cbf3A9C1,,0xf573d99385C05c23B24ed33De616ad16a43a0919
6926399,596035,0x78a47e8041f0F34b52dDfD55ed0d4Fc8c0435995,,0xf573d99385C05c23B24ed33De616ad16a43a0919
6929507,399077,0x2b6fCa9AD7EBd5408dB009f0DF087Ffd934cF98e,,0xf573d99385C05c23B24ed33De616ad16a43a0919
6929646,687267,0x44F3E8dcaB930E5785db933a2870579aaee91732,,0xf573d99385C05c23B24ed33De616ad16a43a0919
6930892,263696,0x78a47e8041f0F34b52dDfD55ed0d4Fc8c0435995,,0xf573d99385C05c23B24ed33De616ad16a43a0919
6930982,439176,0xacB7CFB56D6835d9E2Fa3E3F273A0450468082D9,,0x95222290DD7278Aa3Ddd389Cc1E1d165CC4BAfe5
6933785,632890,0xD0801241cf78db13EfEeC55Ca977f78AAA3Fc260,,0x1f9090aaE28b8a3dCeaDf281B0F12828e676c326
6938374,583904,0xB3FCDA8a883E22cE699B320cD33034894a6f9f35,,0x5124fcC2B3F99F571AD67D075643C743F38f1C34
6938847,312980,0x9e43d1a488a2b3E0d5Bf8e0f4201b057f5Bb4391,,0x95222290DD7278Aa3Ddd389Cc1E1d165CC4BAfe5
6940719,615415,0x35A4F2B135E3C1b49F16e3c8D6aCCDccaa98b6c6,,0x95222290DD7278Aa3Ddd389Cc1E1d165CC4BAfe5
6941597,438967,0xacB7CFB56D6835d9E2Fa3E3F273A0450468082D9,,0x5124fcC2B3F99F571AD67D075643C743F38f1C34
6941811,405835,0x7C5d0950584F961f5c1054c88a71B01207Bf9CB7,,0x690B9A9E9aa1C9dB991C7721a92d351Db4FaC990
6942248,583344,0xaCfAd9f0D80F74aD7E280A55eA025f4f09844B0F,,0xDAFEA492D9c6733ae3d56b7Ed1ADB60692c98Bc5
6944359,583124,0xaCfAd9f0D80F74aD7E280A55eA025f4f09844B0F,,0x95222290DD7278Aa3Ddd389Cc1E1d165CC4BAfe5
6944853,581858,0x68C994c7c7BAcd5588C81156Bb821139aB8A42d0,,0xf573d99385C05c23B24ed33De616ad16a43a0919
6948949,517579,0x22FFBA127F6741a619fa145516EF4D94B90f093A,,0xFeebabE6b0418eC13b30aAdF129F5DcDd4f70CeA
6953622,632889,0xD0801241cf78db13EfEeC55Ca977f78AAA3Fc260,,0x1f9090aaE28b8a3dCeaDf281B0F12828e676c326
6959415,261334,0x78a47e8041f0F34b52dDfD55ed0d4Fc8c0435995,,0xf573d99385C05c23B24ed33De616ad16a43a0919
6960784,268317,0x9e43d1a488a2b3E0d5Bf8e0f4201b057f5Bb4391,,0x5124fcC2B3F99F571AD67D075643C743F38f1C34
6962645,615886,0xa2DE30D3BF69d3fc6864eA4db92276B8378f67BF,,0xf573d99385C05c23B24ed33De616ad16a43a0919
6967191,430536,0x7C5d0950584F961f5c1054c88a71B01207Bf9CB7,,0xFeebabE6b0418eC13b30aAdF129F5DcDd4f70CeA
6970373,441828,0xc992a9F75Fc162B91a481EEf9aeC47465218C91A,,0xf573d99385C05c23B24ed33De616ad16a43a0919
6973298,439030,0xacB7CFB56D6835d9E2Fa3E3F273A0450468082D9,,0x5124fcC2B3F99F571AD67D075643C743F38f1C34
6988441,609464,0xCc00b35a6bb67C54B174058C809Ec838f360Dd88,,0xCE0BaBc8398144Aa98D9210d595E3A9714910748
6989146,591737,0x1C2d2C2258c522bece4E027b1088b26c131AC98A,,0x5124fcC2B3F99F571AD67D075643C743F38f1C34
6992261,485296,0xD91EEcc267ff626399798040d88DE62c9e70Acf0,,0x5124fcC2B3F99F571AD67D075643C743F38f1C34
6998212,599890,0x35A4F2B135E3C1b49F16e3c8D6aCCDccaa98b6c6,,0xCE0BaBc8398144Aa98D9210d595E3A9714910748
6999017,724912,0x5667bCA5ED365Ad1e7836d8558BA8B65CaA6De29,,0x690B9A9E9aa1C9dB991C7721a92d351Db4FaC990
7014605,587149,0x5Bd353C49fe776b9Bd0661c1D86ADe344d88D416,,0x333333f332a06ECB5D20D35da44ba07986D6E203
7015918,581858,0x68C994c7c7BAcd5588C81156Bb821139aB8A42d0,,0xf573d99385C05c23B24ed33De616ad16a43a0919
7018802,261060,0x9c69e7FCe961FD837F99c808aD75ED39a2c549Cb,,0xf573d99385C05c23B24ed33De616ad16a43a0919
7023551,618820,0xF3B06771c0b76b0d52fCb74b5e924745cbf3A9C1,,0xf573d99385C05c23B24ed33De616ad16a43a0919
7024885,533627,0x22FFBA127F6741a619fa145516EF4D94B90f093A,,0x3Bee5122E2a2FbE11287aAfb0cB918e22aBB5436
7033693,583884,0xB3FCDA8a883E22cE699B320cD33034894a6f9f35,,0x95222290DD7278Aa3Ddd389Cc1E1d165CC4BAfe5
7042882,504679,0x22FFBA127F6741a619fa145516EF4D94B90f093A,,0x690B9A9E9aa1C9dB991C7721a92d351Db4FaC990
7049470,502585,0xCc00b35a6bb67C54B174058C809Ec838f360Dd88,,0x690B9A9E9aa1C9dB991C7721a92d351Db4FaC990
7051509,587150,0x5Bd353C49fe776b9Bd0661c1D86ADe344d88D416,,0x1f9090aaE28b8a3dCeaDf281B0F12828e676c326
7053330,260900,0x9e43d1a488a2b3E0d5Bf8e0f4201b057f5Bb4391,,0x5124fcC2B3F99F571AD67D075643C743F38f1C34
7071663,430532,0x7C5d0950584F961f5c1054c88a71B01207Bf9CB7,,0xd2090025857B9C7B24387741f120538E928A3a59
7078045,435865,0x895F6558f0b02F95F48EF0d580eC885056dcCCC6,,0x5124fcC2B3F99F571AD67D075643C743F38f1C34
7079133,411311,0x7C5d0950584F961f5c1054c88a71B01207Bf9CB7,,0x5124fcC2B3F99F571AD67D075643C743F38f1C34
7080610,422066,0x7C5d0950584F961f5c1054c88a71B01207Bf9CB7,,0x95222290DD7278Aa3Ddd389Cc1E1d165CC4BAfe5
7080943,617367,0xa390241dcbCaC7CEaD6b347043F0369E442b0c4d,,0x333333f332a06ECB5D20D35da44ba07986D6E203
7083072,518143,0x5555CFde0932C1f8Eff8B1F33BE4C1AAbeDf5D78,,0x1f9090aaE28b8a3dCeaDf281B0F12828e676c326
7084343,774747,0xeA7126082a70c7DC463D2921D18e4658e52de4Ab,,0xf573d99385C05c23B24ed33De616ad16a43a0919
7087216,543668,0x22FFBA127F6741a619fa145516EF4D94B90f093A,,0x5124fcC2B3F99F571AD67D075643C743F38f1C34
7091601,543761,0x22FFBA127F6741a619fa145516EF4D94B90f093A,,0xFeebabE6b0418eC13b30aAdF129F5DcDd4f70CeA
7092902,595854,0xDDcBFa9234D1E6943dD6707223Ef089fcb965a87,,0x1f9090aaE28b8a3dCeaDf281B0F12828e676c326
7098807,1382,0x605d458e4FB302bd8eCBE1925F9e58e9298D6Ea4,,0x5124fcC2B3F99F571AD67D075643C743F38f1C34
7102732,504673,0x22FFBA127F6741a619fa145516EF4D94B90f093A,,0xDAFEA492D9c6733ae3d56b7Ed1ADB60692c98Bc5
7109757,256451,0xCc00b35a6bb67C54B174058C809Ec838f360Dd88,,0x1f9090aaE28b8a3dCeaDf281B0F12828e676c326
7110243,773710,0x5AED3d3382993e893491D8085f2AAB00Fc8A55ae,,0x71bE972A52A071eEEcb288E1177Fe5843711A8ee
7112358,647604,0x5AED3d3382993e893491D8085f2AAB00Fc8A55ae,,0x71bE972A52A071eEEcb288E1177Fe5843711A8ee
7112796,432402,0x895F6558f0b02F95F48EF0d580eC885056dcCCC6,,0xFeebabE6b0418eC13b30aAdF129F5DcDd4f70CeA
7129390,584990,0xaCfAd9f0D80F74aD7E280A55eA025f4f09844B0F,,0x690B9A9E9aa1C9dB991C7721a92d351Db4FaC990
7130242,395789,0x663CbbD93B5eE095AC8386C2a301EB1C47D73aA9,,0x5124fcC2B3F99F571AD67D075643C743F38f1C34
7132658,676200,0x9e43d1a488a2b3E0d5Bf8e0f4201b057f5Bb4391,,0x4838B106FCe9647Bdf1E7877BF73cE8B0BAD5f97
7132997,296880,0x5945459c5201e21Ff409C9608600D0c0d5f91635,,0x33894ea0C25295cB48068019d999A9E190540BF7
7134747,586987,0x1A7d31ceC3EDF4b1CA4641fD66FB54f2ff5e64cA,Ultra Sound:0x9Ede904Bc383cb4B834B6Ef3307BD995e633c0c2,0x690B9A9E9aa1C9dB991C7721a92d351Db4FaC990
7135932,438401,0x24a9db8f232948c2f64A4BBD68AC52A2694efa9F,,0x95222290DD7278Aa3Ddd389Cc1E1d165CC4BAfe5
7136329,411335,0x7C5d0950584F961f5c1054c88a71B01207Bf9CB7,,0x5124fcC2B3F99F571AD67D075643C743F38f1C34
7138430,312980,0x9e43d1a488a2b3E0d5Bf8e0f4201b057f5Bb4391,,0x95222290DD7278Aa3Ddd389Cc1E1d165CC4BAfe5
7138748,587149,0x5Bd353C49fe776b9Bd0661c1D86ADe344d88D416,,0xCE0BaBc8398144Aa98D9210d595E3A9714910748
7139666,439087,0xacB7CFB56D6835d9E2Fa3E3F273A0450468082D9,,0x5124fcC2B3F99F571AD67D075643C743F38f1C34
7140573,424847,0x1A7d31ceC3EDF4b1CA4641fD66FB54f2ff5e64cA,Ultra Sound:0x9Ede904Bc383cb4B834B6Ef3307BD995e633c0c2,0x4838B106FCe9647Bdf1E7877BF73cE8B0BAD5f97
7145051,517674,0x22FFBA127F6741a619fa145516EF4D94B90f093A,,0x5124fcC2B3F99F571AD67D075643C743F38f1C34
7145426,773690,0xbefcF37A1a9658eAE00806Da72a85E971fc8f454,,0xf573d99385C05c23B24ed33De616ad16a43a0919
7145642,596779,0x1EFF6b29320Dd155a0A7F015bdfa80d490902B5D,,0x95222290DD7278Aa3Ddd389Cc1E1d165CC4BAfe5
7146900,436128,0x895F6558f0b02F95F48EF0d580eC885056dcCCC6,,0x5124fcC2B3F99F571AD67D075643C743F38f1C34
7148269,504319,0x22FFBA127F6741a619fa145516EF4D94B90f093A,,0x5124fcC2B3F99F571AD67D075643C743F38f1C34
7164220,583130,0xaCfAd9f0D80F74aD7E280A55eA025f4f09844B0F,,0x1f9090aaE28b8a3dCeaDf281B0F12828e676c326
7166121,1381,0x605d458e4FB302bd8eCBE1925F9e58e9298D6Ea4,,0x1f9090aaE28b8a3dCeaDf281B0F12828e676c326
7167534,399585,0x663CbbD93B5eE095AC8386C2a301EB1C47D73aA9,,0x5124fcC2B3F99F571AD67D075643C743F38f1C34
7175539,535802,0x547E07494EC48dD3A968964E70696D79ccA9eb97,,0x95222290DD7278Aa3Ddd389Cc1E1d165CC4BAfe5
7184898,583241,0xaCfAd9f0D80F74aD7E280A55eA025f4f09844B0F,,0x690B9A9E9aa1C9dB991C7721a92d351Db4FaC990
7189101,716604,0x4334CdDDb5c8432fb0a6F4FFe09D96F0A3c74254,,0x0000000000000000000000000000000000000000
7200106,546960,0x1009A776b868606c3e8f5492801973eFDc31FfdB,,0x690B9A9E9aa1C9dB991C7721a92d351Db4FaC990
7209644,411305,0x7C5d0950584F961f5c1054c88a71B01207Bf9CB7,,0x1f9090aaE28b8a3dCeaDf281B0F12828e676c326
7226330,600142,0xc5DbFAf13F8B0BaC6DEF344FbbCFef06aC84eef9,,0x6b333B20fBae3c5c0969dd02176e30802e2fbBdB
7227917,432226,0x1A7d31ceC3EDF4b1CA4641fD66FB54f2ff5e64cA,Ultra Sound:0x9Ede904Bc383cb4B834B6Ef3307BD995e633c0c2,0x1f9090aaE28b8a3dCeaDf281B0F12828e676c326
7235639,611483,0xc5DbFAf13F8B0BaC6DEF344FbbCFef06aC84eef9,,0x6b333B20fBae3c5c0969dd02176e30802e2fbBdB
7237019,587149,0x5Bd353C49fe776b9Bd0661c1D86ADe344d88D416,,0x1f9090aaE28b8a3dCeaDf281B0F12828e676c326
7247400,432385,0x895F6558f0b02F95F48EF0d580eC885056dcCCC6,,0x4838B106FCe9647Bdf1E7877BF73cE8B0BAD5f97
7269585,611483,0xc5DbFAf13F8B0BaC6DEF344FbbCFef06aC84eef9,,0x6b333B20fBae3c5c0969dd02176e30802e2fbBdB
7275407,615764,0x1A7d31ceC3EDF4b1CA4641fD66FB54f2ff5e64cA,Ultra Sound:0x9Ede904Bc383cb4B834B6Ef3307BD995e633c0c2,0x333333f332a06ECB5D20D35da44ba07986D6E203
7282722,438964,0xacB7CFB56D6835d9E2Fa3E3F273A0450468082D9,,0x4838B106FCe9647Bdf1E7877BF73cE8B0BAD5f97
7289533,724850,0x479814612B98E3A3ff85EB07ECfe6ffC0a864046,,0xDAFEA492D9c6733ae3d56b7Ed1ADB60692c98Bc5
7295853,648803,0x5AED3d3382993e893491D8085f2AAB00Fc8A55ae,Flashbots:0x71bE972A52A071eEEcb288E1177Fe5843711A8ee;Ultra Sound:0x71bE972A52A071eEEcb288E1177Fe5843711A8ee,0xDAFEA492D9c6733ae3d56b7Ed1ADB60692c98Bc5
7303523,509081,0x35A4F2B135E3C1b49F16e3c8D6aCCDccaa98b6c6,,0x95222290DD7278Aa3Ddd389Cc1E1d165CC4BAfe5
7328162,543791,0x22FFBA127F6741a619fa145516EF4D94B90f093A,,0x4838B106FCe9647Bdf1E7877BF73cE8B0BAD5f97
7345441,563882,0x45dF28a209E2B4Fca5C6d14b6048e66C0133fc99,,0x95222290DD7278Aa3Ddd389Cc1E1d165CC4BAfe5
7346278,329543,0x174E0b45C03318B0C9bc03573028605B26764931,,0x4838B106FCe9647Bdf1E7877BF73cE8B0BAD5f97
7346283,652857,0xCA16DD8bc25fb8c1061F49e243dC06F7b6E3de09,,0xBaF6dC2E647aeb6F510f9e318856A1BCd66C5e19
7346972,521839,0xd714338098Daaf32e46a20fF1293f57EFf04Dcca,,0x4838B106FCe9647Bdf1E7877BF73cE8B0BAD5f97
7347431,873086,0xc23B28337896AB92d7e8Ed0303cec0609A58143B,,0x4838B106FCe9647Bdf1E7877BF73cE8B0BAD5f97
7348056,712385,0x41C671916784921Bf9848780900f49FA80fdd22e,,0x5124fcC2B3F99F571AD67D075643C743F38f1C34
7348098,885079,0x5034dD6EB76a9E89506f5E767C467FbB1e85A90D,,0x1f9090aaE28b8a3dCeaDf281B0F12828e676c326
7348312,594550,0x7818614Ff330B1c5C0C00f10710412f48927D1c6,,0xBaF6dC2E647aeb6F510f9e318856A1BCd66C5e19
7349221,430606,0xAFE9ae00478b2997E0F8F264b144be74bd3c7F95,,0x4838B106FCe9647Bdf1E7877BF73cE8B0BAD5f97
7349368,583063,0x6BBbA538C14D36eE92dd3941Afe52736c5cFb842,,0xBaF6dC2E647aeb6F510f9e318856A1BCd66C5e19
7355113,443598,0xD5418D3289321A68BC70184D1A5240F5154F5C07,,0x4838B106FCe9647Bdf1E7877BF73cE8B0BAD5f97
7355337,688088,0x0560CddD74f83000D81E9bFDFBC0C80EFaAA2C2E,,0x4838B106FCe9647Bdf1E7877BF73cE8B0BAD5f97
7355365,274602,0xc1A95D5F674F809b80D768c12cAd12fbEB5c370c,,0x4838B106FCe9647Bdf1E7877BF73cE8B0BAD5f97
7358363,671866,0xEf4b51a540AD654832d0d5EaeBca2Caf75614410,,0x4838B106FCe9647Bdf1E7877BF73cE8B0BAD5f97
7358429,832591,0x99d2C107738d1B651DE1fEafC9dd0F20F1a39528,,0xDAFEA492D9c6733ae3d56b7Ed1ADB60692c98Bc5
7358637,390802,0xf0e52218A721bec51cFfC3AFC8E3bBb9EfBC8293,,0x4838B106FCe9647Bdf1E7877BF73cE8B0BAD5f97
7390027,471605,0x8AF2565bE72735484c1114a856B5C96735db1eD6,,0x4838B106FCe9647Bdf1E7877BF73cE8B0BAD5f97
7391411,595920,0x2d2BfE2389B7b3779fa04d101f75a89F6A62DcD6,,0x4838B106FCe9647Bdf1E7877BF73cE8B0BAD5f97
7391442,593004,0xB81E87018Ec50d17116310c87b36622807581fa6,,0x4838B106FCe9647Bdf1E7877BF73cE8B0BAD5f97
7391572,703805,0x3Ff000C35E217a8721E3ae6fdFaA8B612680d8c3,,0x5124fcC2B3F99F571AD67D075643C743F38f1C34
7392835,268349,0xA9EAFa53D7B4758143D2A5b9B8563D4BE2209d1f,,0x4838B106FCe9647Bdf1E7877BF73cE8B0BAD5f97
7393170,611813,0x84ba027280cC6cc1e592a01270c5f21A494F46Cb,,0xBaF6dC2E647aeb6F510f9e318856A1BCd66C5e19
7393598,675717,0x1f92eE8cf6483677C0c6381C48e2Bf272764f0CC,,0x4838B106FCe9647Bdf1E7877BF73cE8B0BAD5f97
7393835,411358,0x7C5d0950584F961f5c1054c88a71B01207Bf9CB7,,0x4838B106FCe9647Bdf1E7877BF73cE8B0BAD5f97
7394573,592214,0x6BBbA538C14D36eE92dd3941Afe52736c5cFb842,,0x4838B106FCe9647Bdf1E7877BF73cE8B0BAD5f97
7403287,898449,0x78072BA5f77d01B3f5B1098df73176933da02A7A,,0x4838B106FCe9647Bdf1E7877BF73cE8B0BAD5f97
7404448,430329,0xaD0C8FD1590928B61907cD786BA9BA280458f370,,0x4838B106FCe9647Bdf1E7877BF73cE8B0BAD5f97
7404814,671738,0x6BBbA538C14D36eE92dd3941Afe52736c5cFb842,,0x4838B106FCe9647Bdf1E7877BF73cE8B0BAD5f97
7408083,496468,0xD93aeF2867144297802B41E7887C5C0d5b853fED,,0x1f9090aaE28b8a3dCeaDf281B0F12828e676c326
7408808,729382,0x24a9db8f232948c2f64A4BBD68AC52A2694efa9F,,0xBaF6dC2E647aeb6F510f9e318856A1BCd66C5e19
7408880,591650,0x9cc778D26fCd8555Cb188a35Dca8cCF1634d76E9,,0x5124fcC2B3F99F571AD67D075643C743F38f1C34
7409089,595610,0xc0E7C12756954454937943316B2Ad99e4eBE11aC,,0xBaF6dC2E647aeb6F510f9e318856A1BCd66C5e19
7409288,592333,0xB81E87018Ec50d17116310c87b36622807581fa6,,0x4838B106FCe9647Bdf1E7877BF73cE8B0BAD5f97
7411383,324521,0x2667a07337359b3B1876CBAc86C2549718A01765,,0x95222290DD7278Aa3Ddd389Cc1E1d165CC4BAfe5
7412672,310484,0xca317A4ecCbe0Dd5832dE2A7407e3c03F88b2CdD,,0x4838B106FCe9647Bdf1E7877BF73cE8B0BAD5f97
7413462,670976,0x84ba027280cC6cc1e592a01270c5f21A494F46Cb,,0xBaF6dC2E647aeb6F510f9e318856A1BCd66C5e19
7413706,282774,0x701F4dcEAD1049FA01F321d49F6dca525cF4A5A5,,0x4838B106FCe9647Bdf1E7877BF73cE8B0BAD5f97
7413834,791538,0x155569F48b7AC74fC6366f7721D305BB0e08E25A,,0x4838B106FCe9647Bdf1E7877BF73cE8B0BAD5f97
7414325,898344,0x2fc184459069dC780B478f7E3c9fFd79e40842a3,,0x4838B106FCe9647Bdf1E7877BF73cE8B0BAD5f97
7414377,507872,0xDB21B164A38a5eF18bA33E6A61BA192B3649f879,,0x4838B106FCe9647Bdf1E7877BF73cE8B0BAD5f97
7416496,598013,0xbCc5487A9Fd24977f030ef1FaF4D295C85cB9F20,,0xBaF6dC2E647aeb6F510f9e318856A1BCd66C5e19
7416600,513584,0x86296277D99b87CcbB8071AC4eFFcA4954de82D0,,0x690B9A9E9aa1C9dB991C7721a92d351Db4FaC990
7416912,275216,0xB984b9492b80325e09E7ddAd1b52Ac49d5808e9E,,0x4838B106FCe9647Bdf1E7877BF73cE8B0BAD5f97
7419708,671746,0xB81E87018Ec50d17116310c87b36622807581fa6,,0xAAB27b150451726EC7738aa1d0A94505c8729bd1
7419851,488173,0xEa6232b4d2d5f2Fa1E7560Cd0C4E1B2c976e6649,,0xAAB27b150451726EC7738aa1d0A94505c8729bd1
7423184,718711,0xDDcBFa9234D1E6943dD6707223Ef089fcb965a87,,0x4838B106FCe9647Bdf1E7877BF73cE8B0BAD5f97
7429585,546960,0x1009A776b868606c3e8f5492801973eFDc31FfdB,,0xDAFEA492D9c6733ae3d56b7Ed1ADB60692c98Bc5
7436048,333833,0xa03C9Ed646AFA6c26E0B239711c590103744b225,,0x4838B106FCe9647Bdf1E7877BF73cE8B0BAD5f97
7442777,790370,0xB965F0D635934282cc659f259C7BA7b77CCccbBb,,0xAAB27b150451726EC7738aa1d0A94505c8729bd1
7472852,648803,0x5AED3d3382993e893491D8085f2AAB00Fc8A55ae,Ultra Sound:0x71bE972A52A071eEEcb288E1177Fe5843711A8ee,0x690B9A9E9aa1C9dB991C7721a92d351Db4FaC990
7509039,405784,0x7C5d0950584F961f5c1054c88a71B01207Bf9CB7,,0x1f9090aaE28b8a3dCeaDf281B0F12828e676c326
7515789,268901,0x52e5F0A3fD38a9D73f313Fd0973971b908688649,,0x4838B106FCe9647Bdf1E7877BF73cE8B0BAD5f97
7516466,608672,0x84cC6c4211D842B152f61C3929B725577c3Dc721,,0x6f490EbBBEC062b5dE41A3f003dCF861094b1272
7519390,515845,0x5555CFde0932C1f8Eff8B1F33BE4C1AAbeDf5D78,,0xAAB27b150451726EC7738aa1d0A94505c8729bd1
7532202,432226,0x1A7d31ceC3EDF4b1CA4641fD66FB54f2ff5e64cA,Ultra Sound:0x9Ede904Bc383cb4B834B6Ef3307BD995e633c0c2,0x1f9090aaE28b8a3dCeaDf281B0F12828e676c326
7538543,611483,0xc5DbFAf13F8B0BaC6DEF344FbbCFef06aC84eef9,,0x6b333B20fBae3c5c0969dd02176e30802e2fbBdB
7545127,405309,0x4892E52502CFdD675BeE1C26F5E4b76e2Aca84ba,,0xae78736Cd615f374D3085123A210448E74Fc6393
7546910,509081,0x35A4F2B135E3C1b49F16e3c8D6aCCDccaa98b6c6,,0x95222290DD7278Aa3Ddd389Cc1E1d165CC4BAfe5
7566502,958704,0x9e43d1a488a2b3E0d5Bf8e0f4201b057f5Bb4391,,0x5124fcC2B3F99F571AD67D075643C743F38f1C34
7573745,832109,0x99d2C107738d1B651DE1fEafC9dd0F20F1a39528,,0x4838B106FCe9647Bdf1E7877BF73cE8B0BAD5f97
7573913,774747,0xeA7126082a70c7DC463D2921D18e4658e52de4Ab,,0x95222290DD7278Aa3Ddd389Cc1E1d165CC4BAfe5
7575312,964285,0x3A4B8aA193670C84f9f3D5c22a2b4daA373b31F5,,0x0000000000000000000000000000000000000000
7579612,941339,0xc5DbFAf13F8B0BaC6DEF344FbbCFef06aC84eef9,,0x6b333B20fBae3c5c0969dd02176e30802e2fbBdB
7609158,457606,0x7Cebbe93e945d5c01112C3C999a4607E9f49177F,,0x5124fcC2B3F99F571AD67D075643C743F38f1C34
7626225,941341,0xc5DbFAf13F8B0BaC6DEF344FbbCFef06aC84eef9,,0x6b333B20fBae3c5c0969dd02176e30802e2fbBdB
7641543,447406,0x5008724186728Bbd5CDddafb00C08B83Be57961B,Flashbots:0xae78736Cd615f374D3085123A210448E74Fc6393;bloXroute Max Profit:0xae78736Cd615f374D3085123A210448E74Fc6393;bloXroute Regulated:0xae78736Cd615f374D3085123A210448E74Fc6393,0x1f9090aaE28b8a3dCeaDf281B0F12828e676c326
7645626,411322,0x7C5d0950584F961f5c1054c88a71B01207Bf9CB7,,0x4838B106FCe9647Bdf1E7877BF73cE8B0BAD5f97
7654369,264799,0x5945459c5201e21Ff409C9608600D0c0d5f91635,,0x33894ea0C25295cB48068019d999A9E190540BF7
7704171,608672,0x84cC6c4211D842B152f61C3929B725577c3Dc721,,0x6f490EbBBEC062b5dE41A3f003dCF861094b1272
7709630,782011,0xBfC76C6eDC762d0E2885371A8FF32776DF05B8E1,bloXroute Max Profit:0xd4E96eF8eee8678dBFf4d535E033Ed1a4F7605b7,0x95222290DD7278Aa3Ddd389Cc1E1d165CC4BAfe5
7711501,439261,0xacB7CFB56D6835d9E2Fa3E3F273A0450468082D9,,0xDAFEA492D9c6733ae3d56b7Ed1ADB60692c98Bc5
7726700,264799,0x5945459c5201e21Ff409C9608600D0c0d5f91635,,0x33894ea0C25295cB48068019d999A9E190540BF7
7729956,395754,0x663CbbD93B5eE095AC8386C2a301EB1C47D73aA9,,0xDAFEA492D9c6733ae3d56b7Ed1ADB60692c98Bc5
7730750,395754,0x663CbbD93B5eE095AC8386C2a301EB1C47D73aA9,,0xDAFEA492D9c6733ae3d56b7Ed1ADB60692c98Bc5
7747756,517599,0x22FFBA127F6741a619fa145516EF4D94B90f093A,,0x4838B106FCe9647Bdf1E7877BF73cE8B0BAD5f97
7767648,964278,0x3A4B8aA193670C84f9f3D5c22a2b4daA373b31F5,,0x0000000000000000000000000000000000000000
7774774,964264,0x3A4B8aA193670C84f9f3D5c22a2b4daA373b31F5,,0x0000000000000000000000000000000000000000
7775320,600142,0xc5DbFAf13F8B0BaC6DEF344FbbCFef06aC84eef9,,0x6b333B20fBae3c5c0969dd02176e30802e2fbBdB
7778417,964264,0x3A4B8aA193670C84f9f3D5c22a2b4daA373b31F5,,0x0000000000000000000000000000000000000000
7789257,716604,0x4334CdDDb5c8432fb0a6F4FFe09D96F0A3c74254,,0x0000000000000000000000000000000000000000
7798413,964263,0x3A4B8aA193670C84f9f3D5c22a2b4daA373b31F5,,0x0000000000000000000000000000000000000000
7824496,275228,0x824A06eC521aAebC057baC4e0fA205B09688Ab9D,Flashbots:0xd4E96eF8eee8678dBFf4d535E033Ed1a4F7605b7,0xDAFEA492D9c6733ae3d56b7Ed1ADB60692c98Bc5
7839085,584908,0x5A8b39Df6f1231B5d68036c090a2C5d126eb72D2,Flashbots:0xF658E48ba453E58Bd41EF76a5FE611747708EF9D;Ultra Sound:0xF658E48ba453E58Bd41EF76a5FE611747708EF9D,0x77777A6C097a1cE65C61A96a49bd1100F660eC94
7861030,1042464,0x28188991a35a7d938E57204B60F21EF4973dDe70,,0x95222290DD7278Aa3Ddd389Cc1E1d165CC4BAfe5
7901070,600142,0xc5DbFAf13F8B0BaC6DEF344FbbCFef06aC84eef9,,0x6b333B20fBae3c5c0969dd02176e30802e2fbBdB
7914201,913588,0x1EFF6b29320Dd155a0A7F015bdfa80d490902B5D,,0x1f9090aaE28b8a3dCeaDf281B0F12828e676c326
7932120,964283,0x3A4B8aA193670C84f9f3D5c22a2b4daA373b31F5,,0x0000000000000000000000000000000000000000
7932761,424847,0x1A7d31ceC3EDF4b1CA4641fD66FB54f2ff5e64cA,Ultra Sound:0x9Ede904Bc383cb4B834B6Ef3307BD995e633c0c2,0x88c6C46EBf353A52Bdbab708c23D0c81dAA8134A
7958044,586987,0x1A7d31ceC3EDF4b1CA4641fD66FB54f2ff5e64cA,Ultra Sound:0x9Ede904Bc383cb4B834B6Ef3307BD995e633c0c2,0x95222290DD7278Aa3Ddd389Cc1E1d165CC4BAfe5
7961119,969082,0x7027CEc9845E51537a73cAef3a9a3A3dbA1f531F,bloXroute Max Profit:0xCEcf386Cc67aB3509e545878EFa31073FDfe75BE;Ultra Sound:0xCEcf386Cc67aB3509e545878EFa31073FDfe75BE,0xCEcf386Cc67aB3509e545878EFa31073FDfe75BE
7965853,501634,0xc5D291607600044348E5014404cc18394BD1D57d,,0x1f9090aaE28b8a3dCeaDf281B0F12828e676c326
7967235,846065,0xed27563a45382B488884368ffdec40B0bA1A9886,,0x0000000000000000000000000000000000000000
7969665,1010065,0x84cC6c4211D842B152f61C3929B725577c3Dc721,,0x6f490EbBBEC062b5dE41A3f003dCF861094b1272
7976001,964277,0x3A4B8aA193670C84f9f3D5c22a2b4daA373b31F5,,0x0000000000000000000000000000000000000000
7984738,1010065,0x84cC6c4211D842B152f61C3929B725577c3Dc721,,0x6f490EbBBEC062b5dE41A3f003dCF861094b1272
8003494,943190,0x3A4B8aA193670C84f9f3D5c22a2b4daA373b31F5,,0x0000000000000000000000000000000000000000
8009199,964287,0x3A4B8aA193670C84f9f3D5c22a2b4daA373b31F5,,0x0000000000000000000000000000000000000000
8011138,964287,0x3A4B8aA193670C84f9f3D5c22a2b4daA373b31F5,,0x0000000000000000000000000000000000000000
8012372,484628,0x35A4F2B135E3C1b49F16e3c8D6aCCDccaa98b6c6,,0x1f9090aaE28b8a3dCeaDf281B0F12828e676c326
8012959,778543,0xA0944BF07268A606D195ae17b5438505470d4e89,,0x1f9090aaE28b8a3dCeaDf281B0F12828e676c326
8016782,964262,0x3A4B8aA193670C84f9f3D5c22a2b4daA373b31F5,,0x0000000000000000000000000000000000000000
8017683,399490,0x663CbbD93B5eE095AC8386C2a301EB1C47D73aA9,,0x4838B106FCe9647Bdf1E7877BF73cE8B0BAD5f97
8019788,1061988,0xa0AC59Fa1dFbAdA43f48454D889BE04efCADdb4B,bloXroute Max Profit:0x43b1cE50b7d31bA24B0DA2E7C1d768088E9AbF18;Ultra Sound:0x43b1cE50b7d31bA24B0DA2E7C1d768088E9AbF18,0x43b1cE50b7d31bA24B0DA2E7C1d768088E9AbF18
8022251,964288,0x3A4B8aA193670C84f9f3D5c22a2b4daA373b31F5,,0x0000000000000000000000000000000000000000
8027944,943190,0x3A4B8aA193670C84f9f3D5c22a2b4daA373b31F5,,0x0000000000000000000000000000000000000000
8030331,1071951,0xd19400Ea9a0154193B3Fff45D8Faf45A3A516598,,0xd4E96eF8eee8678dBFf4d535E033Ed1a4F7605b7
8030790,964283,0x3A4B8aA193670C84f9f3D5c22a2b4daA373b31F5,,0x0000000000000000000000000000000000000000
8041945,615764,0x1A7d31ceC3EDF4b1CA4641fD66FB54f2ff5e64cA,Ultra Sound:0x9Ede904Bc383cb4B834B6Ef3307BD995e633c0c2,0x1f9090aaE28b8a3dCeaDf281B0F12828e676c326
8047532,586987,0x1A7d31ceC3EDF4b1CA4641fD66FB54f2ff5e64cA,Ultra Sound:0x9Ede904Bc383cb4B834B6Ef3307BD995e633c0c2,0x9Ede904Bc383cb4B834B6Ef3307BD995e633c0c2
8059179,1010065,0x84cC6c4211D842B152f61C3929B725577c3Dc721,Flashbots:0x6f490EbBBEC062b5dE41A3f003dCF861094b1272,0x95222290DD7278Aa3Ddd389Cc1E1d165CC4BAfe5
8062989,964284,0x3A4B8aA193670C84f9f3D5c22a2b4daA373b31F5,,0x0000000000000000000000000000000000000000
8069598,432226,0x1A7d31ceC3EDF4b1CA4641fD66FB54f2ff5e64cA,Ultra Sound:0x9Ede904Bc383cb4B834B6Ef3307BD995e633c0c2,0x88c6C46EBf353A52Bdbab708c23D0c81dAA8134A
8071419,964284,0x3A4B8aA193670C84f9f3D5c22a2b4daA373b31F5,,0x0000000000000000000000000000000000000000
8075141,1021002,0x84cC6c4211D842B152f61C3929B725577c3Dc721,,0x6f490EbBBEC062b5dE41A3f003dCF861094b1272
8082136,424847,0x1A7d31ceC3EDF4b1CA4641fD66FB54f2ff5e64cA,Ultra Sound:0x9Ede904Bc383cb4B834B6Ef3307BD995e633c0c2,0x95222290DD7278Aa3Ddd389Cc1E1d165CC4BAfe5
8083527,943190,0x3A4B8aA193670C84f9f3D5c22a2b4daA373b31F5,,0x0000000000000000000000000000000000000000
8094394,964287,0x3A4B8aA193670C84f9f3D5c22a2b4daA373b31F5,,0x0000000000000000000000000000000000000000
8103837,615764,0x1A7d31ceC3EDF4b1CA4641fD66FB54f2ff5e64cA,Ultra Sound:0x9Ede904Bc383cb4B834B6Ef3307BD995e633c0c2,0x88c6C46EBf353A52Bdbab708c23D0c81dAA8134A
8113483,773710,0x5AED3d3382993e893491D8085f2AAB00Fc8A55ae,Flashbots:0x71bE972A52A071eEEcb288E1177Fe5843711A8ee;bloXroute Max Profit:0x71bE972A52A071eEEcb288E1177Fe5843711A8ee,0x95222290DD7278Aa3Ddd389Cc1E1d165CC4BAfe5
8122658,807064,0x5945459c5201e21Ff409C9608600D0c0d5f91635,,0x33894ea0C25295cB48068019d999A9E190540BF7
8124144,964278,0x3A4B8aA193670C84f9f3D5c22a2b4daA373b31F5,,0x0000000000000000000000000000000000000000
8125445,807065,0x5945459c5201e21Ff409C9608600D0c0d5f91635,,0x33894ea0C25295cB48068019d999A9E190540BF7
8156398,652746,0x35A4F2B135E3C1b49F16e3c8D6aCCDccaa98b6c6,,0x1f9090aaE28b8a3dCeaDf281B0F12828e676c326
8160683,587959,0x1A7d31ceC3EDF4b1CA4641fD66FB54f2ff5e64cA,Ultra Sound:0x9Ede904Bc383cb4B834B6Ef3307BD995e633c0c2,0x4838B106FCe9647Bdf1E7877BF73cE8B0BAD5f97
8164529,261762,0xbD5E856afFAb8BB4E3e93A69a82C97792eDE2eF0,Flashbots:0xd4E96eF8eee8678dBFf4d535E033Ed1a4F7605b7,0x5124fcC2B3F99F571AD67D075643C743F38f1C34
8165800,466064,0x1A7d31ceC3EDF4b1CA4641fD66FB54f2ff5e64cA,Ultra Sound:0x9Ede904Bc383cb4B834B6Ef3307BD995e633c0c2,0xB279d48442aAfCF8F2af6d9E7d5d9C23f63b4e16
8173324,615416,0x35A4F2B135E3C1b49F16e3c8D6aCCDccaa98b6c6,,0x4838B106FCe9647Bdf1E7877BF73cE8B0BAD5f97
8173462,1095707,0x22FFBA127F6741a619fa145516EF4D94B90f093A,,0x95222290DD7278Aa3Ddd389Cc1E1d165CC4BAfe5
8173479,509079,0x35A4F2B135E3C1b49F16e3c8D6aCCDccaa98b6c6,,0x1f9090aaE28b8a3dCeaDf281B0F12828e676c326
8193474,517598,0x22FFBA127F6741a619fa145516EF4D94B90f093A,,0x1f9090aaE28b8a3dCeaDf281B0F12828e676c326
8202612,436113,0x895F6558f0b02F95F48EF0d580eC885056dcCCC6,,0x4838B106FCe9647Bdf1E7877BF73cE8B0BAD5f97
8209916,602699,0x605d458e4FB302bd8eCBE1925F9e58e9298D6Ea4,,0x4838B106FCe9647Bdf1E7877BF73cE8B0BAD5f97
8229213,616912,0x03d2634F6b03B24F835bE14F8807B58E6acD14cB,Flashbots:0xae78736Cd615f374D3085123A210448E74Fc6393,0xDAFEA492D9c6733ae3d56b7Ed1ADB60692c98Bc5
8229595,432226,0x1A7d31ceC3EDF4b1CA4641fD66FB54f2ff5e64cA,Ultra Sound:0x9Ede904Bc383cb4B834B6Ef3307BD995e633c0c2,0x0Aa8EBb6aD5A8e499E550ae2C461197624c6e667
8239072,429574,0x03d2634F6b03B24F835bE14F8807B58E6acD14cB,bloXroute Max Profit:0xae78736Cd615f374D3085123A210448E74Fc6393,0x1f9090aaE28b8a3dCeaDf281B0F12828e676c326
8239789,509080,0x35A4F2B135E3C1b49F16e3c8D6aCCDccaa98b6c6,,0xf15689636571dba322b48E9EC9bA6cFB3DF818e1
8254340,988776,0xb130Ca9fBdF8945564CB6Be8967EBD1bde66e772,,0x95222290DD7278Aa3Ddd389Cc1E1d165CC4BAfe5
8255109,611483,0xc5DbFAf13F8B0BaC6DEF344FbbCFef06aC84eef9,,0x6b333B20fBae3c5c0969dd02176e30802e2fbBdB
8265873,774747,0xeA7126082a70c7DC463D2921D18e4658e52de4Ab,,0x95222290DD7278Aa3Ddd389Cc1E1d165CC4BAfe5
8269763,964291,0x3A4B8aA193670C84f9f3D5c22a2b4daA373b31F5,,0x0000000000000000000000000000000000000000
8303159,1021423,0x5AED3d3382993e893491D8085f2AAB00Fc8A55ae,bloXroute Max Profit:0x71bE972A52A071eEEcb288E1177Fe5843711A8ee,0x4838B106FCe9647Bdf1E7877BF73cE8B0BAD5f97
8303256,846065,0xed27563a45382B488884368ffdec40B0bA1A9886,,0x0000000000000000000000000000000000000000
8307096,716604,0x4334CdDDb5c8432fb0a6F4FFe09D96F0A3c74254,,0x0000000000000000000000000000000000000000
8312200,1063856,0xa0AC59Fa1dFbAdA43f48454D889BE04efCADdb4B,bloXroute Regulated:0x43b1cE50b7d31bA24B0DA2E7C1d768088E9AbF18,0x4838B106FCe9647Bdf1E7877BF73cE8B0BAD5f97
8324653,393664,0x0cFD4d7a65daD4034f23FD6c8A75db0661d89416,,0x4838B106FCe9647Bdf1E7877BF73cE8B0BAD5f97
8329291,583647,0x49C0A3c307b5A8Ea3403892D5Bc9027b6cC2343F,,0x8186b214A917fb4922Eb984fb80CFAfA30EE8810
8339013,1159028,0x7087bF464768Aa4cBbfB93995559e82b53BC80b7,,0x95222290DD7278Aa3Ddd389Cc1E1d165CC4BAfe5
8376551,964288,0x3A4B8aA193670C84f9f3D5c22a2b4daA373b31F5,,0x0000000000000000000000000000000000000000
8380987,466064,0x1A7d31ceC3EDF4b1CA4641fD66FB54f2ff5e64cA,Ultra Sound:0x9Ede904Bc383cb4B834B6Ef3307BD995e633c0c2,0x1f9090aaE28b8a3dCeaDf281B0F12828e676c326
8382849,969220,0x7027CEc9845E51537a73cAef3a9a3A3dbA1f531F,,0xCEcf386Cc67aB3509e545878EFa31073FDfe75BE
8384110,1159028,0x7087bF464768Aa4cBbfB93995559e82b53BC80b7,,0x4838B106FCe9647Bdf1E7877BF73cE8B0BAD5f97
8427231,807064,0x5945459c5201e21Ff409C9608600D0c0d5f91635,,0x33894ea0C25295cB48068019d999A9E190540BF7
8428494,1063859,0xa0AC59Fa1dFbAdA43f48454D889BE04efCADdb4B,bloXroute Max Profit:0x43b1cE50b7d31bA24B0DA2E7C1d768088E9AbF18;bloXroute Regulated:0x43b1cE50b7d31bA24B0DA2E7C1d768088E9AbF18;Ultra Sound:0x43b1cE50b7d31bA24B0DA2E7C1d768088E9AbF18;Aestus:0x43b1cE50b7d31bA24B0DA2E7C1d768088E9AbF18,0x1f9090aaE28b8a3dCeaDf281B0F12828e676c326
8431845,1159027,0x7087bF464768Aa4cBbfB93995559e82b53BC80b7,,0x1f9090aaE28b8a3dCeaDf281B0F12828e676c326
8434370,396146,0x941F2fF5647A84bdC4E0113800BE32CADed1dE0A,,0x4838B106FCe9647Bdf1E7877BF73cE8B0BAD5f97
8439227,1097819,0x6BBbA538C14D36eE92dd3941Afe52736c5cFb842,,0x95222290DD7278Aa3Ddd389Cc1E1d165CC4BAfe5
8439700,773710,0x5AED3d3382993e893491D8085f2AAB00Fc8A55ae,bloXroute Max Profit:0x71bE972A52A071eEEcb288E1177Fe5843711A8ee;Ultra Sound:0x71bE972A52A071eEEcb288E1177Fe5843711A8ee,0x1f9090aaE28b8a3dCeaDf281B0F12828e676c326
8443457,304051,0x327260c50634136551bfE4e4eB082281555AAfAE,,0x95222290DD7278Aa3Ddd389Cc1E1d165CC4BAfe5
8449863,1021423,0x5AED3d3382993e893491D8085f2AAB00Fc8A55ae,bloXroute Max Profit:0x71bE972A52A071eEEcb288E1177Fe5843711A8ee,0x95222290DD7278Aa3Ddd389Cc1E1d165CC4BAfe5
8453972,964262,0x3A4B8aA193670C84f9f3D5c22a2b4daA373b31F5,,0x0000000000000000000000000000000000000000
8475766,1071951,0xd19400Ea9a0154193B3Fff45D8Faf45A3A516598,Ultra Sound:0xd4E96eF8eee8678dBFf4d535E033Ed1a4F7605b7,0x95222290DD7278Aa3Ddd389Cc1E1d165CC4BAfe5
8481111,1059285,0xa0AC59Fa1dFbAdA43f48454D889BE04efCADdb4B,Flashbots:0x43b1cE50b7d31bA24B0DA2E7C1d768088E9AbF18,0xDccA982701a264e8d629A6E8CFBa9C1a27912623
8486863,432226,0x1A7d31ceC3EDF4b1CA4641fD66FB54f2ff5e64cA,Ultra Sound:0x9Ede904Bc383cb4B834B6Ef3307BD995e633c0c2,0x4838B106FCe9647Bdf1E7877BF73cE8B0BAD5f97
8490945,562833,0xEda174818b4Ef8E3749b5e5235141fe370F4821b,bloXroute Max Profit:0x86e367465e2b7E8D26f4611D998Bcbbe28E89679,0x4838B106FCe9647Bdf1E7877BF73cE8B0BAD5f97
8499982,466064,0x1A7d31ceC3EDF4b1CA4641fD66FB54f2ff5e64cA,Ultra Sound:0x9Ede904Bc383cb4B834B6Ef3307BD995e633c0c2,0x95222290DD7278Aa3Ddd389Cc1E1d165CC4BAfe5